Protocollo;Gruppo;DataOraIncidente;Localizzazione1;STRADA1;Localizzazione2;STRADA2;Strada02;Chilometrica;DaSpecificare;NaturaIncidente;particolaritastrade;TipoStrada;FondoStradale;Pavimentazione;Segnaletica;CondizioneAtmosferica;Traffico;Visibilita;Illuminazione;NUM_FERITI;NUM_RISERVATA;NUM_MORTI;NUM_ILLESI;Longitudine;Latitudine;Confermato;Progressivo;TipoVeicolo;StatoVeicolo;TipoPersona;Sesso;Tipolesione;Deceduto;DecedutoDopo;CinturaCascoUtilizzato;Airbag
2571616;15;07/11/2015 16:00;Strada Urbana;VIA ARTURO MERCANTI;all'intersezione con;VIALE GAETANO ARTURO CROCCO;VIALE GAETANO ARTURO CROCCO;;;Veicolo in marcia contro ostacolo accidentale;Intersezione non regolata/non segnalata;Una carreggiata a doppio senso;Asciutto;Asfaltata;Orizzontale;Sereno;Scarso;Buona;Ore Diurne;0;0;0;1;12.3951;41.8225;-1;1;Autovettura privata;In marcia / fermata / arresto;Conducente;M;Illeso;0;;;
2571617;15;07/11/2015 18:50;Strada Urbana;VIA DELLA MAGLIANA;in corrispondenza;;del civico n.;265;;Scontro frontale fra veicoli in marcia;Rettilineo;Una carreggiata a doppio senso;Asciutto;Asfaltata;Verticale ed orizzontale;Sereno;Intenso;Sufficiente;Sufficiente;0;0;0;2;12.45693;41.84584;-1;1;Motociclo a solo;In marcia / fermata / arresto;Conducente;M;Illeso;0;;;
2571617;15;07/11/2015 18:50;Strada Urbana;VIA DELLA MAGLIANA;in corrispondenza;;del civico n.;265;;Scontro frontale fra veicoli in marcia;Rettilineo;Una carreggiata a doppio senso;Asciutto;Asfaltata;Verticale ed orizzontale;Sereno;Intenso;Sufficiente;Sufficiente;0;0;0;2;12.45693;41.84584;-1;2;Autovettura privata;In marcia / fermata / arresto;Conducente;M;Illeso;0;;;
2571618;15;07/11/2015 12:50;Strada Urbana;VIA DELLA MAGLIANA;all'intersezione con;VIA MONDOLFO;VIA MONDOLFO;;;Scontro frontale/laterale SX fra veicoli in marcia;Incrocio;Una carreggiata a doppio senso;Asciutto;Asfaltata;Verticale ed orizzontale;Sereno;Normale;Buona;Ore Diurne;0;0;0;2;12.42401;41.83394;-1;1;Autovettura privata;In marcia / fermata / arresto;Conducente;M;Illeso;0;;;
2571618;15;07/11/2015 12:50;Strada Urbana;VIA DELLA MAGLIANA;all'intersezione con;VIA MONDOLFO;VIA MONDOLFO;;;Scontro frontale/laterale SX fra veicoli in marcia;Incrocio;Una carreggiata a doppio senso;Asciutto;Asfaltata;Verticale ed orizzontale;Sereno;Normale;Buona;Ore Diurne;0;0;0;2;12.42401;41.83394;-1;2;Autovettura privata;In marcia / fermata / arresto;Conducente;M;Illeso;0;;;
2571620;15;07/11/2015 20:00;Strada Urbana;VIA PORTUENSE;all'intersezione semaforizzata con;VIA GIACOMO FOLCHI;VIA GIACOMO FOLCHI;;;Scontro laterale fra veicoli in marcia;Intersezione semaforizzata;Una carreggiata a doppio senso;Asciutto;Asfaltata;Verticale ed orizzontale;Sereno;Normale;Buona;Sufficiente;1;0;0;1;12.40939;41.84342;-1;1;Autovettura privata;In marcia / fermata / arresto;Conducente;M;Illeso;0;;Utilizzato;Inesploso
2571620;15;07/11/2015 20:00;Strada Urbana;VIA PORTUENSE;all'intersezione semaforizzata con;VIA GIACOMO FOLCHI;VIA GIACOMO FOLCHI;;;Scontro laterale fra veicoli in marcia;Intersezione semaforizzata;Una carreggiata a doppio senso;Asciutto;Asfaltata;Verticale ed orizzontale;Sereno;Normale;Buona;Sufficiente;1;0;0;1;12.40939;41.84342;-1;2;Motociclo a solo;In marcia / fermata / arresto;Conducente;M;Rifiuta cure immediate;0;NON DECEDUTO;Utilizzato;
2571652;13;07/11/2015 07:50;Strada Urbana;VIALE DELLE REPUBBLICHE MARINARE;all'intersezione con;VIA GIOVANNI GARAU;VIA GIOVANNI GARAU;;;Scontro frontale/laterale DX fra veicoli in marcia;Incrocio;Due carreggiate;Asciutto;Asfaltata;Verticale ed orizzontale;Sereno;Normale;Buona;Ore Diurne;1;0;0;1;12.26909;41.7355;-1;1;Autovettura privata;In marcia / fermata / arresto;Conducente;M;Illeso;0;;Non accertato;Inesploso
2571652;13;07/11/2015 07:50;Strada Urbana;VIALE DELLE REPUBBLICHE MARINARE;all'intersezione con;VIA GIOVANNI GARAU;VIA GIOVANNI GARAU;;;Scontro frontale/laterale DX fra veicoli in marcia;Incrocio;Due carreggiate;Asciutto;Asfaltata;Verticale ed orizzontale;Sereno;Normale;Buona;Ore Diurne;1;0;0;1;12.26909;41.7355;-1;2;Autovettura privata;In marcia / fermata / arresto;Conducente;F;Rimandato;0;NON DECEDUTO;Non accertato;Inesploso
2571653;13;07/11/2015 10:15;Strada Urbana;VIALE DEL SOMMERGIBILE;all'intersezione con;VIA DELLA CORAZZATA;VIA DELLA CORAZZATA;;;Scontro frontale/laterale DX fra veicoli in marcia;Incrocio;Una carreggiata a doppio senso;Asciutto;Asfaltata;Verticale ed orizzontale;Sereno;Intenso;Buona;Ore Diurne;0;0;0;3;12.26193;41.73702;-1;1;Autovettura privata;In marcia / fermata / arresto;Conducente;M;Illeso;0;;Non accertato;Inesploso
2571653;13;07/11/2015 10:15;Strada Urbana;VIALE DEL SOMMERGIBILE;all'intersezione con;VIA DELLA CORAZZATA;VIA DELLA CORAZZATA;;;Scontro frontale/laterale DX fra veicoli in marcia;Incrocio;Una carreggiata a doppio senso;Asciutto;Asfaltata;Verticale ed orizzontale;Sereno;Intenso;Buona;Ore Diurne;0;0;0;3;12.26193;41.73702;-1;2;Autovettura privata;In marcia / fermata / arresto;Conducente;M;Illeso;0;;Non accertato;Inesploso
2571653;13;07/11/2015 10:15;Strada Urbana;VIALE DEL SOMMERGIBILE;all'intersezione con;VIA DELLA CORAZZATA;VIA DELLA CORAZZATA;;;Scontro frontale/laterale DX fra veicoli in marcia;Incrocio;Una carreggiata a doppio senso;Asciutto;Asfaltata;Verticale ed orizzontale;Sereno;Intenso;Buona;Ore Diurne;0;0;0;3;12.26193;41.73702;-1;2;Autovettura privata;In marcia / fermata / arresto;Passeggero;F;Illeso;0;;;
2571720;6;07/11/2015 13:05;Strada Urbana;VIALE DELLA PRIMAVERA;all'intersezione con;VIA OBERDAN PETRINI;VIA OBERDAN PETRINI;;;Scontro frontale/laterale DX fra veicoli in marcia;Incrocio;Due carreggiate;Asciutto;Asfaltata;Verticale ed orizzontale;Sereno;Normale;Buona;Ore Diurne;3;0;0;0;12.55855;41.8781;-1;1;Autovettura privata;In marcia / fermata / arresto;Conducente;F;Rimandato;0;NON DECEDUTO;;
2571720;6;07/11/2015 13:05;Strada Urbana;VIALE DELLA PRIMAVERA;all'intersezione con;VIA OBERDAN PETRINI;VIA OBERDAN PETRINI;;;Scontro frontale/laterale DX fra veicoli in marcia;Incrocio;Due carreggiate;Asciutto;Asfaltata;Verticale ed orizzontale;Sereno;Normale;Buona;Ore Diurne;3;0;0;0;12.55855;41.8781;-1;1;Autovettura privata;In marcia / fermata / arresto;Passeggero;F;Rifiuta cure immediate;0;NON DECEDUTO;;
2571720;6;07/11/2015 13:05;Strada Urbana;VIALE DELLA PRIMAVERA;all'intersezione con;VIA OBERDAN PETRINI;VIA OBERDAN PETRINI;;;Scontro frontale/laterale DX fra veicoli in marcia;Incrocio;Due carreggiate;Asciutto;Asfaltata;Verticale ed orizzontale;Sereno;Normale;Buona;Ore Diurne;3;0;0;0;12.55855;41.8781;-1;2;Motociclo a solo;In marcia / fermata / arresto;Conducente;M;Rimandato;0;NON DECEDUTO;;
2571730;13;07/11/2015 14:50;Strada Urbana;VIA DELLE CAROLINE;all'intersezione con;VIA ISOLE SALOMONE;VIA ISOLE SALOMONE;;;Scontro frontale/laterale DX fra veicoli in marcia;Incrocio;Una carreggiata a doppio senso;Asciutto;Asfaltata;Verticale ed orizzontale;Sereno;Normale;Buona;Ore Diurne;0;0;0;2;12.27649;41.74017;-1;1;Autovettura privata;In marcia / fermata / arresto;Conducente;F;Illeso;0;;Non accertato;Inesploso
2571730;13;07/11/2015 14:50;Strada Urbana;VIA DELLE CAROLINE;all'intersezione con;VIA ISOLE SALOMONE;VIA ISOLE SALOMONE;;;Scontro frontale/laterale DX fra veicoli in marcia;Incrocio;Una carreggiata a doppio senso;Asciutto;Asfaltata;Verticale ed orizzontale;Sereno;Normale;Buona;Ore Diurne;0;0;0;2;12.27649;41.74017;-1;2;Autovettura privata;In marcia / fermata / arresto;Conducente;M;Illeso;0;;Non accertato;Inesploso
2571734;10;06/11/2015 19:00;Strada Urbana;VIA FILIPPO SERAFINI;all'intersezione con;VIA FRANCESCO BUONAMICI;VIA FRANCESCO BUONAMICI;;;Investimento di pedone;Incrocio;Due carreggiate;Asciutto;Asfaltata;Verticale ed orizzontale;Sereno;Normale;Sufficiente;Sufficiente;1;0;0;2;12.57477;41.86139;-1;;;;Pedone;M;Rimandato;0;NON DECEDUTO;;
2571734;10;06/11/2015 19:00;Strada Urbana;VIA FILIPPO SERAFINI;all'intersezione con;VIA FRANCESCO BUONAMICI;VIA FRANCESCO BUONAMICI;;;Investimento di pedone;Incrocio;Due carreggiate;Asciutto;Asfaltata;Verticale ed orizzontale;Sereno;Normale;Sufficiente;Sufficiente;1;0;0;2;12.57477;41.86139;-1;1;Autovettura privata;In marcia / fermata / arresto;Conducente;F;Illeso;0;;Non accertato;Inesploso
2571734;10;06/11/2015 19:00;Strada Urbana;VIA FILIPPO SERAFINI;all'intersezione con;VIA FRANCESCO BUONAMICI;VIA FRANCESCO BUONAMICI;;;Investimento di pedone;Incrocio;Due carreggiate;Asciutto;Asfaltata;Verticale ed orizzontale;Sereno;Normale;Sufficiente;Sufficiente;1;0;0;2;12.57477;41.86139;-1;1;Autovettura privata;In marcia / fermata / arresto;Passeggero;F;Illeso;0;;Non accertato;Inesploso
2571740;13;07/11/2015 19:00;Strada Urbana;VIA DEL MARE;all'intersezione semaforizzata con;VIA DELLE GONDOLE;VIA DELLE GONDOLE;;;Investimento di pedone;Intersezione semaforizzata;Una carreggiata a doppio senso;Asciutto;Asfaltata;Verticale ed orizzontale;Sereno;Normale;Buona;Sufficiente;1;0;0;1;12.2797;41.73432;-1;;;;Pedone;M;Rimandato;0;NON DECEDUTO;;
2571740;13;07/11/2015 19:00;Strada Urbana;VIA DEL MARE;all'intersezione semaforizzata con;VIA DELLE GONDOLE;VIA DELLE GONDOLE;;;Investimento di pedone;Intersezione semaforizzata;Una carreggiata a doppio senso;Asciutto;Asfaltata;Verticale ed orizzontale;Sereno;Normale;Buona;Sufficiente;1;0;0;1;12.2797;41.73432;-1;1;Autovettura privata;In marcia / fermata / arresto;Conducente;F;Illeso;0;;Non accertato;Inesploso
2571741;20;08/11/2015 02:50;Strada Urbana;VIA ANGELO EMO;all'intersezione con;VIA DOMENICO MILLELIRE;VIA DOMENICO MILLELIRE;;;Scontro frontale/laterale SX fra veicoli in marcia;Intersezione non regolata/non segnalata;Due carreggiate;Asciutto;Asfaltata;Verticale ed orizzontale;Sereno;Scarso;Buona;Sufficiente;2;0;0;2;12.44621;41.9044;-1;1;Motociclo con passeggero;In marcia / fermata / arresto;Conducente;M;Ricoverato;0;NON DECEDUTO;;
2571741;20;08/11/2015 02:50;Strada Urbana;VIA ANGELO EMO;all'intersezione con;VIA DOMENICO MILLELIRE;VIA DOMENICO MILLELIRE;;;Scontro frontale/laterale SX fra veicoli in marcia;Intersezione non regolata/non segnalata;Due carreggiate;Asciutto;Asfaltata;Verticale ed orizzontale;Sereno;Scarso;Buona;Sufficiente;2;0;0;2;12.44621;41.9044;-1;1;Motociclo con passeggero;In marcia / fermata / arresto;Passeggero;M;Rimandato;0;NON DECEDUTO;;
2571741;20;08/11/2015 02:50;Strada Urbana;VIA ANGELO EMO;all'intersezione con;VIA DOMENICO MILLELIRE;VIA DOMENICO MILLELIRE;;;Scontro frontale/laterale SX fra veicoli in marcia;Intersezione non regolata/non segnalata;Due carreggiate;Asciutto;Asfaltata;Verticale ed orizzontale;Sereno;Scarso;Buona;Sufficiente;2;0;0;2;12.44621;41.9044;-1;2;Autovettura privata;In marcia / fermata / arresto;Conducente;F;Illeso;0;;;
2571741;20;08/11/2015 02:50;Strada Urbana;VIA ANGELO EMO;all'intersezione con;VIA DOMENICO MILLELIRE;VIA DOMENICO MILLELIRE;;;Scontro frontale/laterale SX fra veicoli in marcia;Intersezione non regolata/non segnalata;Due carreggiate;Asciutto;Asfaltata;Verticale ed orizzontale;Sereno;Scarso;Buona;Sufficiente;2;0;0;2;12.44621;41.9044;-1;2;Autovettura privata;In marcia / fermata / arresto;Passeggero;F;Illeso;0;;;
2571742;10;06/11/2015 21:20;Strada Urbana;VIA LUCIO SESTIO;all'intersezione con;VIA MARCO VALERIO CORVO;VIA MARCO VALERIO CORVO;;;Scontro frontale/laterale SX fra veicoli in marcia;Intersezione stradale segnalata;Una carreggiata a senso unico di marcia;Asciutto;Asfaltata;Verticale ed orizzontale;Sereno;Normale;Sufficiente;Sufficiente;0;0;0;3;12.55615;41.85884;-1;1;Autovettura privata;In marcia / fermata / arresto;Conducente;M;Illeso;0;;;Inesploso
2571742;10;06/11/2015 21:20;Strada Urbana;VIA LUCIO SESTIO;all'intersezione con;VIA MARCO VALERIO CORVO;VIA MARCO VALERIO CORVO;;;Scontro frontale/laterale SX fra veicoli in marcia;Intersezione stradale segnalata;Una carreggiata a senso unico di marcia;Asciutto;Asfaltata;Verticale ed orizzontale;Sereno;Normale;Sufficiente;Sufficiente;0;0;0;3;12.55615;41.85884;-1;2;Autovettura privata;In marcia / fermata / arresto;Conducente;M;Illeso;0;;Non accertato;Inesploso
2571742;10;06/11/2015 21:20;Strada Urbana;VIA LUCIO SESTIO;all'intersezione con;VIA MARCO VALERIO CORVO;VIA MARCO VALERIO CORVO;;;Scontro frontale/laterale SX fra veicoli in marcia;Intersezione stradale segnalata;Una carreggiata a senso unico di marcia;Asciutto;Asfaltata;Verticale ed orizzontale;Sereno;Normale;Sufficiente;Sufficiente;0;0;0;3;12.55615;41.85884;-1;2;Autovettura privata;In marcia / fermata / arresto;Passeggero;F;Illeso;0;;Non accertato;Inesploso
2571769;20;07/11/2015 23:10;Strada Urbana;VIA COLA DI RIENZO;all'intersezione con;VIA CICERONE;VIA CICERONE;;;Veicolo in marcia contro ostacolo fisso;Incrocio;Una carreggiata a doppio senso;Asciutto;Asfaltata;Verticale ed orizzontale;Sereno;Normale;Buona;Sufficiente;0;0;0;3;12.46778;41.9086;-1;1;Autovettura privata;In marcia / fermata / arresto;Conducente;M;Illeso;0;;;
2571769;20;07/11/2015 23:10;Strada Urbana;VIA COLA DI RIENZO;all'intersezione con;VIA CICERONE;VIA CICERONE;;;Veicolo in marcia contro ostacolo fisso;Incrocio;Una carreggiata a doppio senso;Asciutto;Asfaltata;Verticale ed orizzontale;Sereno;Normale;Buona;Sufficiente;0;0;0;3;12.46778;41.9086;-1;1;Autovettura privata;In marcia / fermata / arresto;Passeggero;M;Illeso;0;;;
2571776;10;06/11/2015 22:40;Strada Urbana;VIA FEDERICO DELPINO;all'intersezione con;VIA DEI CICLAMINI;VIA DEI CICLAMINI;;;Veicolo in marcia contro veicolo in sosta;Incrocio;Due carreggiate;Asciutto;Asfaltata;Verticale ed orizzontale;Sereno;Scarso;Buona;Sufficiente;0;0;0;5;12.56615;41.8918;-1;1;Autovettura privata;In marcia / fermata / arresto;Conducente;M;Illeso;0;;Non accertato;Inesploso
2571776;10;06/11/2015 22:40;Strada Urbana;VIA FEDERICO DELPINO;all'intersezione con;VIA DEI CICLAMINI;VIA DEI CICLAMINI;;;Veicolo in marcia contro veicolo in sosta;Incrocio;Due carreggiate;Asciutto;Asfaltata;Verticale ed orizzontale;Sereno;Scarso;Buona;Sufficiente;0;0;0;5;12.56615;41.8918;-1;1;Autovettura privata;In marcia / fermata / arresto;Passeggero;M;Illeso;0;;Non accertato;Inesploso
2571776;10;06/11/2015 22:40;Strada Urbana;VIA FEDERICO DELPINO;all'intersezione con;VIA DEI CICLAMINI;VIA DEI CICLAMINI;;;Veicolo in marcia contro veicolo in sosta;Incrocio;Due carreggiate;Asciutto;Asfaltata;Verticale ed orizzontale;Sereno;Scarso;Buona;Sufficiente;0;0;0;5;12.56615;41.8918;-1;1;Autovettura privata;In marcia / fermata / arresto;Passeggero;F;Illeso;0;;Non accertato;Inesploso
2571776;10;06/11/2015 22:40;Strada Urbana;VIA FEDERICO DELPINO;all'intersezione con;VIA DEI CICLAMINI;VIA DEI CICLAMINI;;;Veicolo in marcia contro veicolo in sosta;Incrocio;Due carreggiate;Asciutto;Asfaltata;Verticale ed orizzontale;Sereno;Scarso;Buona;Sufficiente;0;0;0;5;12.56615;41.8918;-1;1;Autovettura privata;In marcia / fermata / arresto;Passeggero;M;Illeso;0;;Non accertato;Inesploso
2571776;10;06/11/2015 22:40;Strada Urbana;VIA FEDERICO DELPINO;all'intersezione con;VIA DEI CICLAMINI;VIA DEI CICLAMINI;;;Veicolo in marcia contro veicolo in sosta;Incrocio;Due carreggiate;Asciutto;Asfaltata;Verticale ed orizzontale;Sereno;Scarso;Buona;Sufficiente;0;0;0;5;12.56615;41.8918;-1;3;Autovettura privata;In marcia / fermata / arresto;Conducente;M;Illeso;0;;Non accertato;Inesploso
2571783;20;07/11/2015 03:00;Strada Urbana;VIA DEGLI ORTI DELLA FARNESINA;in corrispondenza;;del civico n.;87;;Veicolo in marcia contro veicoli in sosta;Rettilineo;Una carreggiata a doppio senso;Asciutto;Asfaltata;Verticale ed orizzontale;Sereno;Scarso;Buona;Sufficiente;0;0;0;1;12.46249;41.94134;-1;1;Autovettura privata;In marcia / fermata / arresto;Conducente;M;Illeso;0;;Non accertato;
2571806;1;08/11/2015 02:00;Strada Urbana;VIALE DEL MONTE OPPIO;all'intersezione con;VIA EQUIZIA;VIA EQUIZIA;;;Veicolo in marcia contro veicoli in sosta;Incrocio;Una carreggiata a senso unico di marcia;Asciutto;Asfaltata;Verticale ed orizzontale;Sereno;Scarso;Sufficiente;Sufficiente;0;0;0;1;12.49279;41.89189;-1;1;Autovettura privata;In marcia / fermata / arresto;Conducente;M;Illeso;0;;Non accertato;
2571809;20;07/11/2015 13:30;Strada Urbana;VIA STEFANO JACINI;all'intersezione con;VIA CESARE FERRERO DI CAMBIANO;VIA CESARE FERRERO DI CAMBIANO;;;Scontro frontale/laterale SX fra veicoli in marcia;Intersezione stradale segnalata;Una carreggiata a doppio senso;Asciutto;Asfaltata;Verticale;Nebbia;Intenso;Buona;Ore Diurne;0;0;0;4;12.46915;41.9486;-1;1;Autovettura privata;In marcia / fermata / arresto;Conducente;M;Illeso;0;;;
2571809;20;07/11/2015 13:30;Strada Urbana;VIA STEFANO JACINI;all'intersezione con;VIA CESARE FERRERO DI CAMBIANO;VIA CESARE FERRERO DI CAMBIANO;;;Scontro frontale/laterale SX fra veicoli in marcia;Intersezione stradale segnalata;Una carreggiata a doppio senso;Asciutto;Asfaltata;Verticale;Nebbia;Intenso;Buona;Ore Diurne;0;0;0;4;12.46915;41.9486;-1;1;Autovettura privata;In marcia / fermata / arresto;Passeggero;M;Illeso;0;;;
2571809;20;07/11/2015 13:30;Strada Urbana;VIA STEFANO JACINI;all'intersezione con;VIA CESARE FERRERO DI CAMBIANO;VIA CESARE FERRERO DI CAMBIANO;;;Scontro frontale/laterale SX fra veicoli in marcia;Intersezione stradale segnalata;Una carreggiata a doppio senso;Asciutto;Asfaltata;Verticale;Nebbia;Intenso;Buona;Ore Diurne;0;0;0;4;12.46915;41.9486;-1;2;Autovettura privata;In marcia / fermata / arresto;Conducente;F;Illeso;0;;;
2571809;20;07/11/2015 13:30;Strada Urbana;VIA STEFANO JACINI;all'intersezione con;VIA CESARE FERRERO DI CAMBIANO;VIA CESARE FERRERO DI CAMBIANO;;;Scontro frontale/laterale SX fra veicoli in marcia;Intersezione stradale segnalata;Una carreggiata a doppio senso;Asciutto;Asfaltata;Verticale;Nebbia;Intenso;Buona;Ore Diurne;0;0;0;4;12.46915;41.9486;-1;2;Autovettura privata;In marcia / fermata / arresto;Passeggero;F;Illeso;0;;;
2571824;10;07/11/2015 04:45;Autostrada;VIA DI TOR BELLA MONACA;da specificare;;;;Rampa GRA usc. TORBELLAMONACA prov. Via Prenestina;Veicolo in marcia contro ostacolo fisso;Cavalcavia;Una carreggiata a senso unico di marcia;Asciutto;Con buche;Verticale ed orizzontale;Sereno;Scarso;Sufficiente;Inesistente;0;0;0;1;12.61395;41.89069;-1;1;Autovettura privata;In marcia / fermata / arresto;Conducente;M;Illeso;0;;Non accertato;Inesploso
2571831;20;07/11/2015 20:50;Strada Urbana;VIA CASSIA;in corrispondenza;;del civico n.;1171;;Scontro frontale fra veicoli in marcia;Rettilineo;Una carreggiata a doppio senso;Asciutto;Asfaltata;Verticale ed orizzontale;Sereno;Normale;Sufficiente;Insufficiente;0;0;0;7;12.41717;41.98004;-1;1;Autovettura privata;In marcia / fermata / arresto;Conducente;M;Illeso;0;;;
2571831;20;07/11/2015 20:50;Strada Urbana;VIA CASSIA;in corrispondenza;;del civico n.;1171;;Scontro frontale fra veicoli in marcia;Rettilineo;Una carreggiata a doppio senso;Asciutto;Asfaltata;Verticale ed orizzontale;Sereno;Normale;Sufficiente;Insufficiente;0;0;0;7;12.41717;41.98004;-1;1;Autovettura privata;In marcia / fermata / arresto;Passeggero;F;Illeso;0;;;
2571831;20;07/11/2015 20:50;Strada Urbana;VIA CASSIA;in corrispondenza;;del civico n.;1171;;Scontro frontale fra veicoli in marcia;Rettilineo;Una carreggiata a doppio senso;Asciutto;Asfaltata;Verticale ed orizzontale;Sereno;Normale;Sufficiente;Insufficiente;0;0;0;7;12.41717;41.98004;-1;1;Autovettura privata;In marcia / fermata / arresto;Passeggero;M;Illeso;0;;;
2571831;20;07/11/2015 20:50;Strada Urbana;VIA CASSIA;in corrispondenza;;del civico n.;1171;;Scontro frontale fra veicoli in marcia;Rettilineo;Una carreggiata a doppio senso;Asciutto;Asfaltata;Verticale ed orizzontale;Sereno;Normale;Sufficiente;Insufficiente;0;0;0;7;12.41717;41.98004;-1;1;Autovettura privata;In marcia / fermata / arresto;Passeggero;F;Illeso;0;;;
2571831;20;07/11/2015 20:50;Strada Urbana;VIA CASSIA;in corrispondenza;;del civico n.;1171;;Scontro frontale fra veicoli in marcia;Rettilineo;Una carreggiata a doppio senso;Asciutto;Asfaltata;Verticale ed orizzontale;Sereno;Normale;Sufficiente;Insufficiente;0;0;0;7;12.41717;41.98004;-1;1;Autovettura privata;In marcia / fermata / arresto;Passeggero;F;Illeso;0;;;
2571831;20;07/11/2015 20:50;Strada Urbana;VIA CASSIA;in corrispondenza;;del civico n.;1171;;Scontro frontale fra veicoli in marcia;Rettilineo;Una carreggiata a doppio senso;Asciutto;Asfaltata;Verticale ed orizzontale;Sereno;Normale;Sufficiente;Insufficiente;0;0;0;7;12.41717;41.98004;-1;2;Autovettura privata;In marcia / fermata / arresto;Conducente;M;Illeso;0;;;
2571831;20;07/11/2015 20:50;Strada Urbana;VIA CASSIA;in corrispondenza;;del civico n.;1171;;Scontro frontale fra veicoli in marcia;Rettilineo;Una carreggiata a doppio senso;Asciutto;Asfaltata;Verticale ed orizzontale;Sereno;Normale;Sufficiente;Insufficiente;0;0;0;7;12.41717;41.98004;-1;2;Autovettura privata;In marcia / fermata / arresto;Passeggero;F;Illeso;0;;;
2571835;10;07/11/2015 11:20;Statale;VIA APPIA NUOVA;da specificare;;;;fronte Chiesa S. Ignazio di Antiochia;Fuoriuscita dalla sede stradale;Rettilineo;Più di due carreggiate;Asciutto;Asfaltata;Verticale ed orizzontale;Sereno;Normale;Buona;Ore Diurne;0;0;0;1;12.55386;41.83286;-1;1;Autovettura privata;In marcia / fermata / arresto;Conducente;M;Illeso;0;;Non accertato;Esploso
2571871;10;07/11/2015 17:30;Strada Urbana;VIALE PALMIRO TOGLIATTI;da specificare;;;;F.C. 207 DIREZIONE VIA CASILINA;Investimento di pedone;Rettilineo;Più di due carreggiate;Asciutto;Asfaltata;Verticale ed orizzontale;Sereno;Normale;Buona;Sufficiente;1;0;0;1;12.56962;41.86174;-1;;;;Pedone;F;Ricoverato;0;NON DECEDUTO;;
2571871;10;07/11/2015 17:30;Strada Urbana;VIALE PALMIRO TOGLIATTI;da specificare;;;;F.C. 207 DIREZIONE VIA CASILINA;Investimento di pedone;Rettilineo;Più di due carreggiate;Asciutto;Asfaltata;Verticale ed orizzontale;Sereno;Normale;Buona;Sufficiente;1;0;0;1;12.56962;41.86174;-1;1;Motociclo a solo;In marcia / fermata / arresto;Conducente;M;Illeso;0;;Utilizzato;
2571891;10;07/11/2015 20:10;Strada Urbana;VIA TUSCOLANA;da specificare;;;;in prossimità di via Scribonio Curione;Infortunio per sola frenata improvvisa;Rettilineo;Due carreggiate;Asciutto;Asfaltata;Verticale ed orizzontale;Sereno;Normale;Buona;Sufficiente;1;0;0;0;12.55293;41.86212;-1;1;Motociclo a solo;In marcia / fermata / arresto;Conducente;F;Rimandato;0;NON DECEDUTO;Non accertato;
2572011;6;08/11/2015 11:30;Strada Urbana;VIALE DELL'ACQUEDOTTO ALESSANDRINO;all'intersezione con;VIA CARLO DELLA ROCCA;VIA CARLO DELLA ROCCA;;;Scontro frontale/laterale DX fra veicoli in marcia;Intersezione stradale segnalata;Una carreggiata a senso unico di marcia;Asciutto;Asfaltata;Verticale;Sereno;Normale;Buona;Ore Diurne;3;0;0;1;12.5436;41.87606;-1;1;Autovettura privata;In marcia / fermata / arresto;Conducente;M;Illeso;0;;;Esploso
2572011;6;08/11/2015 11:30;Strada Urbana;VIALE DELL'ACQUEDOTTO ALESSANDRINO;all'intersezione con;VIA CARLO DELLA ROCCA;VIA CARLO DELLA ROCCA;;;Scontro frontale/laterale DX fra veicoli in marcia;Intersezione stradale segnalata;Una carreggiata a senso unico di marcia;Asciutto;Asfaltata;Verticale;Sereno;Normale;Buona;Ore Diurne;3;0;0;1;12.5436;41.87606;-1;1;Autovettura privata;In marcia / fermata / arresto;Passeggero;F;Rimandato;0;NON DECEDUTO;Non accertato;Esploso
2572011;6;08/11/2015 11:30;Strada Urbana;VIALE DELL'ACQUEDOTTO ALESSANDRINO;all'intersezione con;VIA CARLO DELLA ROCCA;VIA CARLO DELLA ROCCA;;;Scontro frontale/laterale DX fra veicoli in marcia;Intersezione stradale segnalata;Una carreggiata a senso unico di marcia;Asciutto;Asfaltata;Verticale;Sereno;Normale;Buona;Ore Diurne;3;0;0;1;12.5436;41.87606;-1;2;Autovettura privata;In marcia / fermata / arresto;Conducente;M;Rimandato;0;NON DECEDUTO;Non accertato;Esploso
2572011;6;08/11/2015 11:30;Strada Urbana;VIALE DELL'ACQUEDOTTO ALESSANDRINO;all'intersezione con;VIA CARLO DELLA ROCCA;VIA CARLO DELLA ROCCA;;;Scontro frontale/laterale DX fra veicoli in marcia;Intersezione stradale segnalata;Una carreggiata a senso unico di marcia;Asciutto;Asfaltata;Verticale;Sereno;Normale;Buona;Ore Diurne;3;0;0;1;12.5436;41.87606;-1;2;Autovettura privata;In marcia / fermata / arresto;Passeggero;F;Rimandato;0;NON DECEDUTO;Non accertato;Esploso
2572170;9;07/11/2015 07:40;Strada Urbana;VIA APPIA NUOVA;in prossimità;;del civico n.;803;;Veicolo in marcia contro ostacolo fisso;Rettilineo;Due carreggiate;Asciutto;Asfaltata;Verticale ed orizzontale;Sereno;Scarso;Buona;Ore Diurne;0;0;0;1;12.54346;41.85394;-1;1;Autocarro inferiore 35 q.;In marcia / fermata / arresto;Conducente;M;Illeso;0;;Non accertato;Inesploso
2572321;9;07/11/2015 14:30;Strada Urbana;VIA SIRIA;in corrispondenza;;del civico n.;46;;Veicolo in marcia contro veicoli in sosta;Rettilineo;Una carreggiata a doppio senso;Asciutto;Asfaltata;Verticale ed orizzontale;Sereno;Normale;Buona;Ore Diurne;0;0;0;1;12.51133;41.87497;-1;1;Autovettura privata;In marcia / fermata / arresto;Conducente;M;Illeso;0;;Non accertato;Esploso