Protocollo;Gruppo;DataOraIncidente;Localizzazione1;STRADA1;Localizzazione2;STRADA2;Strada02;Chilometrica;DaSpecificare;NaturaIncidente;particolaritastrade;TipoStrada;FondoStradale;Pavimentazione;Segnaletica;CondizioneAtmosferica;Traffico;Visibilita;Illuminazione;NUM_FERITI;NUM_RISERVATA;NUM_MORTI;NUM_ILLESI;Longitudine;Latitudine;Confermato;Progressivo;TipoVeicolo;StatoVeicolo;TipoPersona;Sesso;Tipolesione;Deceduto;DecedutoDopo;CinturaCascoUtilizzato;Airbag
2580444;8;13/11/2015 08:50;Strada Urbana;VIA DI PRATOLUNGO CASILINO;in prossimità;;del civico n.;138;;Veicolo in marcia contro ostacolo accidentale;Rettilineo;Una carreggiata a doppio senso;Asciutto;Con buche;Assente;Sereno;Scarso;Buona;Ore Diurne;0;0;0;1;12.66614;41.88605;-1;1;Autovettura privata;In marcia / fermata / arresto;Conducente;M;Illeso;0;;Non accertato;Inesploso
2580448;8;13/11/2015 09:55;Provinciale entro l'abitato;VIA PRENESTINA;all'intersezione con;VIA MODOLO;VIA MODOLO;;;Veicolo in marcia contro ostacolo fisso;Incrocio;Una carreggiata a doppio senso;Asciutto;Asfaltata;Verticale ed orizzontale;Sereno;Normale;Buona;Ore Diurne;0;0;0;1;12.68585;41.89025;-1;1;Autovettura privata;In marcia / fermata / arresto;Conducente;F;Illeso;0;;Non accertato;Inesploso
2580451;8;13/11/2015 09:20;Strada Urbana;VIA DEL FOSSO DI S. MAURA;all'intersezione con;VIALE DELLA SORBONA;VIALE DELLA SORBONA;;;Scontro laterale fra veicoli in marcia;Rotatoria;Una carreggiata a senso unico di marcia;Asciutto;Asfaltata;Verticale ed orizzontale;Sereno;Normale;Sufficiente;Ore Diurne;0;0;0;1;12.59727;41.85697;-1;1;Autovettura privata;In marcia / fermata / arresto;Conducente;M;Illeso;0;;Non accertato;Inesploso
2580452;8;13/11/2015 12:00;Strada Urbana;PIAZZALE VAN GOGH;da specificare;;;;altezza parcheggio ex OBI;Veicolo in marcia contro veicolo fermo;Rettilineo;Una carreggiata a senso unico di marcia;Asciutto;Lastricata;Orizzontale;Sereno;Scarso;Buona;Ore Diurne;0;0;0;3;12.65207;41.86264;-1;1;Autocarro inferiore 35 q.;In marcia / fermata / arresto;Conducente;M;Illeso;0;;Non accertato;Inesploso
2580452;8;13/11/2015 12:00;Strada Urbana;PIAZZALE VAN GOGH;da specificare;;;;altezza parcheggio ex OBI;Veicolo in marcia contro veicolo fermo;Rettilineo;Una carreggiata a senso unico di marcia;Asciutto;Lastricata;Orizzontale;Sereno;Scarso;Buona;Ore Diurne;0;0;0;3;12.65207;41.86264;-1;1;Autocarro inferiore 35 q.;In marcia / fermata / arresto;Passeggero;F;Illeso;0;;Non accertato;Inesploso
2580452;8;13/11/2015 12:00;Strada Urbana;PIAZZALE VAN GOGH;da specificare;;;;altezza parcheggio ex OBI;Veicolo in marcia contro veicolo fermo;Rettilineo;Una carreggiata a senso unico di marcia;Asciutto;Lastricata;Orizzontale;Sereno;Scarso;Buona;Ore Diurne;0;0;0;3;12.65207;41.86264;-1;2;Autovettura privata;In marcia / fermata / arresto;Conducente;M;Illeso;0;;Non accertato;Inesploso
2580464;20;13/11/2015 17:30;Regionale entro l'abitato;VIA FLAMINIA;all'intersezione con;VIA CITTA' DI CASCIA;VIA CITTA' DI CASCIA;;;Veicolo in marcia contro veicolo fermo;Incrocio;Una carreggiata a doppio senso;Asciutto;Asfaltata;Verticale ed orizzontale;Sereno;Normale;Buona;Sufficiente;0;0;0;4;12.47185;41.94192;-1;1;Autovettura privata;In marcia / fermata / arresto;Conducente;F;Illeso;0;;Non accertato;
2580464;20;13/11/2015 17:30;Regionale entro l'abitato;VIA FLAMINIA;all'intersezione con;VIA CITTA' DI CASCIA;VIA CITTA' DI CASCIA;;;Veicolo in marcia contro veicolo fermo;Incrocio;Una carreggiata a doppio senso;Asciutto;Asfaltata;Verticale ed orizzontale;Sereno;Normale;Buona;Sufficiente;0;0;0;4;12.47185;41.94192;-1;2;Autocarro inferiore 35 q.;In marcia / fermata / arresto;Conducente;M;Illeso;0;;Non accertato;
2580464;20;13/11/2015 17:30;Regionale entro l'abitato;VIA FLAMINIA;all'intersezione con;VIA CITTA' DI CASCIA;VIA CITTA' DI CASCIA;;;Veicolo in marcia contro veicolo fermo;Incrocio;Una carreggiata a doppio senso;Asciutto;Asfaltata;Verticale ed orizzontale;Sereno;Normale;Buona;Sufficiente;0;0;0;4;12.47185;41.94192;-1;2;Autocarro inferiore 35 q.;In marcia / fermata / arresto;Passeggero;M;Illeso;0;;Non accertato;
2580464;20;13/11/2015 17:30;Regionale entro l'abitato;VIA FLAMINIA;all'intersezione con;VIA CITTA' DI CASCIA;VIA CITTA' DI CASCIA;;;Veicolo in marcia contro veicolo fermo;Incrocio;Una carreggiata a doppio senso;Asciutto;Asfaltata;Verticale ed orizzontale;Sereno;Normale;Buona;Sufficiente;0;0;0;4;12.47185;41.94192;-1;2;Autocarro inferiore 35 q.;In marcia / fermata / arresto;Passeggero;M;Illeso;0;;Non accertato;
2580473;13;13/11/2015 17:40;Strada Urbana;VIALE DI CASTEL PORZIANO;all'intersezione con;VIA SALORNO;VIA SALORNO;;;Scontro frontale fra veicoli in marcia;Incrocio;Una carreggiata a doppio senso;Asciutto;Asfaltata;Verticale ed orizzontale;Nuvoloso;Normale;Sufficiente;Sufficiente;0;0;0;5;12.36577;41.73579;-1;1;Autovettura privata;In marcia / fermata / arresto;Conducente;M;Illeso;0;;Non accertato;Inesploso
2580473;13;13/11/2015 17:40;Strada Urbana;VIALE DI CASTEL PORZIANO;all'intersezione con;VIA SALORNO;VIA SALORNO;;;Scontro frontale fra veicoli in marcia;Incrocio;Una carreggiata a doppio senso;Asciutto;Asfaltata;Verticale ed orizzontale;Nuvoloso;Normale;Sufficiente;Sufficiente;0;0;0;5;12.36577;41.73579;-1;1;Autovettura privata;In marcia / fermata / arresto;Passeggero;F;Illeso;0;;Non accertato;Inesploso
2580473;13;13/11/2015 17:40;Strada Urbana;VIALE DI CASTEL PORZIANO;all'intersezione con;VIA SALORNO;VIA SALORNO;;;Scontro frontale fra veicoli in marcia;Incrocio;Una carreggiata a doppio senso;Asciutto;Asfaltata;Verticale ed orizzontale;Nuvoloso;Normale;Sufficiente;Sufficiente;0;0;0;5;12.36577;41.73579;-1;1;Autovettura privata;In marcia / fermata / arresto;Passeggero;M;Illeso;0;;Non accertato;Inesploso
2580473;13;13/11/2015 17:40;Strada Urbana;VIALE DI CASTEL PORZIANO;all'intersezione con;VIA SALORNO;VIA SALORNO;;;Scontro frontale fra veicoli in marcia;Incrocio;Una carreggiata a doppio senso;Asciutto;Asfaltata;Verticale ed orizzontale;Nuvoloso;Normale;Sufficiente;Sufficiente;0;0;0;5;12.36577;41.73579;-1;1;Autovettura privata;In marcia / fermata / arresto;Passeggero;F;Illeso;0;;Non accertato;Inesploso
2580473;13;13/11/2015 17:40;Strada Urbana;VIALE DI CASTEL PORZIANO;all'intersezione con;VIA SALORNO;VIA SALORNO;;;Scontro frontale fra veicoli in marcia;Incrocio;Una carreggiata a doppio senso;Asciutto;Asfaltata;Verticale ed orizzontale;Nuvoloso;Normale;Sufficiente;Sufficiente;0;0;0;5;12.36577;41.73579;-1;2;Autovettura privata;In marcia / fermata / arresto;Conducente;F;Illeso;0;;Non accertato;Inesploso
2580477;6;13/11/2015 16:50;Strada Urbana;VIA OLEVANO ROMANO;all'intersezione con;VIA FILETTINO;VIA FILETTINO;;;Scontro frontale/laterale SX fra veicoli in marcia;Incrocio;Due carreggiate;Asciutto;Asfaltata;Verticale ed orizzontale;Sereno;Normale;Buona;Ore Diurne;0;0;0;2;12.55556;41.89121;-1;1;Autovettura privata;In marcia / fermata / arresto;Conducente;F;Illeso;0;;;
2580477;6;13/11/2015 16:50;Strada Urbana;VIA OLEVANO ROMANO;all'intersezione con;VIA FILETTINO;VIA FILETTINO;;;Scontro frontale/laterale SX fra veicoli in marcia;Incrocio;Due carreggiate;Asciutto;Asfaltata;Verticale ed orizzontale;Sereno;Normale;Buona;Ore Diurne;0;0;0;2;12.55556;41.89121;-1;2;Autovettura privata;In marcia / fermata / arresto;Conducente;M;Illeso;0;;;
2580483;13;13/11/2015 17:30;Strada Urbana;VIA DEL MARE;all'intersezione con;VIA DELLE CANARIE;VIA DELLE CANARIE;;;Scontro frontale/laterale SX fra veicoli in marcia;Intersezione semaforizzata;Una carreggiata a doppio senso;Asciutto;Asfaltata;Verticale ed orizzontale;Sereno;Normale;Buona;Sufficiente;3;0;0;2;12.28311;41.73896;-1;1;Autobus di linea;In marcia / fermata / arresto;Conducente;M;Illeso;0;;Non accertato;Inesploso
2580483;13;13/11/2015 17:30;Strada Urbana;VIA DEL MARE;all'intersezione con;VIA DELLE CANARIE;VIA DELLE CANARIE;;;Scontro frontale/laterale SX fra veicoli in marcia;Intersezione semaforizzata;Una carreggiata a doppio senso;Asciutto;Asfaltata;Verticale ed orizzontale;Sereno;Normale;Buona;Sufficiente;3;0;0;2;12.28311;41.73896;-1;1;Autobus di linea;In marcia / fermata / arresto;Passeggero;F;Rimandato;0;NON DECEDUTO;Non accertato;Inesploso
2580483;13;13/11/2015 17:30;Strada Urbana;VIA DEL MARE;all'intersezione con;VIA DELLE CANARIE;VIA DELLE CANARIE;;;Scontro frontale/laterale SX fra veicoli in marcia;Intersezione semaforizzata;Una carreggiata a doppio senso;Asciutto;Asfaltata;Verticale ed orizzontale;Sereno;Normale;Buona;Sufficiente;3;0;0;2;12.28311;41.73896;-1;1;Autobus di linea;In marcia / fermata / arresto;Passeggero;F;Rimandato;0;NON DECEDUTO;Non accertato;Inesploso
2580483;13;13/11/2015 17:30;Strada Urbana;VIA DEL MARE;all'intersezione con;VIA DELLE CANARIE;VIA DELLE CANARIE;;;Scontro frontale/laterale SX fra veicoli in marcia;Intersezione semaforizzata;Una carreggiata a doppio senso;Asciutto;Asfaltata;Verticale ed orizzontale;Sereno;Normale;Buona;Sufficiente;3;0;0;2;12.28311;41.73896;-1;1;Autobus di linea;In marcia / fermata / arresto;Passeggero;F;Rimandato;0;NON DECEDUTO;Non accertato;Inesploso
2580483;13;13/11/2015 17:30;Strada Urbana;VIA DEL MARE;all'intersezione con;VIA DELLE CANARIE;VIA DELLE CANARIE;;;Scontro frontale/laterale SX fra veicoli in marcia;Intersezione semaforizzata;Una carreggiata a doppio senso;Asciutto;Asfaltata;Verticale ed orizzontale;Sereno;Normale;Buona;Sufficiente;3;0;0;2;12.28311;41.73896;-1;2;Autovettura privata;In marcia / fermata / arresto;Conducente;F;Illeso;0;;Non accertato;Inesploso
2580502;20;16/11/2015 19:15;Strada Urbana;CORSO DI FRANCIA;all'intersezione con;VIA GIUSEPPE PECCHIO;VIA GIUSEPPE PECCHIO;;;Veicolo in marcia contro veicolo in sosta;Intersezione non regolata/non segnalata;Più di due carreggiate;Asciutto;Asfaltata;Verticale ed orizzontale;Sereno;Normale;Buona;Sufficiente;0;0;0;1;12.46951;41.946;-1;2;Autovettura privata;In marcia / fermata / arresto;Conducente;M;Illeso;0;;Non accertato;
2580506;20;13/11/2015 19:20;Strada Urbana;VIA DEL FORO ITALICO;da specificare;;;;per la rampa dir. Stadio Olimpico Ponte Milvio;Veicolo in marcia contro ostacolo fisso;Rettilineo;Due carreggiate;Asciutto;Asfaltata;Verticale ed orizzontale;Sereno;Normale;Sufficiente;Insufficiente;4;0;0;0;12.48278;41.94005;-1;1;Autovettura privata;In marcia / fermata / arresto;Conducente;M;Rimandato;0;NON DECEDUTO;;
2580506;20;13/11/2015 19:20;Strada Urbana;VIA DEL FORO ITALICO;da specificare;;;;per la rampa dir. Stadio Olimpico Ponte Milvio;Veicolo in marcia contro ostacolo fisso;Rettilineo;Due carreggiate;Asciutto;Asfaltata;Verticale ed orizzontale;Sereno;Normale;Sufficiente;Insufficiente;4;0;0;0;12.48278;41.94005;-1;1;Autovettura privata;In marcia / fermata / arresto;Passeggero;F;Ricoverato;0;NON DECEDUTO;;
2580506;20;13/11/2015 19:20;Strada Urbana;VIA DEL FORO ITALICO;da specificare;;;;per la rampa dir. Stadio Olimpico Ponte Milvio;Veicolo in marcia contro ostacolo fisso;Rettilineo;Due carreggiate;Asciutto;Asfaltata;Verticale ed orizzontale;Sereno;Normale;Sufficiente;Insufficiente;4;0;0;0;12.48278;41.94005;-1;1;Autovettura privata;In marcia / fermata / arresto;Passeggero;F;Rifiuta cure immediate;0;NON DECEDUTO;;
2580506;20;13/11/2015 19:20;Strada Urbana;VIA DEL FORO ITALICO;da specificare;;;;per la rampa dir. Stadio Olimpico Ponte Milvio;Veicolo in marcia contro ostacolo fisso;Rettilineo;Due carreggiate;Asciutto;Asfaltata;Verticale ed orizzontale;Sereno;Normale;Sufficiente;Insufficiente;4;0;0;0;12.48278;41.94005;-1;1;Autovettura privata;In marcia / fermata / arresto;Passeggero;F;Rimandato;0;NON DECEDUTO;;
2580518;6;13/11/2015 23:30;Regionale entro l'abitato;VIA FEDERICO DELPINO;all'intersezione con;PIAZZA TEOFRASTO;PIAZZA TEOFRASTO;;;Scontro frontale/laterale SX fra veicoli in marcia;Intersezione stradale segnalata;Due carreggiate;Asciutto;Asfaltata;Verticale ed orizzontale;Sereno;Scarso;Sufficiente;Sufficiente;1;0;0;1;12.56412;41.89144;-1;1;Motociclo a solo;In marcia / fermata / arresto;Conducente;M;Rimandato;0;NON DECEDUTO;Non accertato;
2580518;6;13/11/2015 23:30;Regionale entro l'abitato;VIA FEDERICO DELPINO;all'intersezione con;PIAZZA TEOFRASTO;PIAZZA TEOFRASTO;;;Scontro frontale/laterale SX fra veicoli in marcia;Intersezione stradale segnalata;Due carreggiate;Asciutto;Asfaltata;Verticale ed orizzontale;Sereno;Scarso;Sufficiente;Sufficiente;1;0;0;1;12.56412;41.89144;-1;2;Autovettura privata;In marcia / fermata / arresto;Conducente;M;Illeso;0;;Non accertato;Inesploso
2580520;20;13/11/2015 19:20;Strada Urbana;CORSO DI FRANCIA;da specificare;;;;altezza rampa Tangenziale;Scontro laterale fra veicoli in marcia;Rettilineo;Due carreggiate;Asciutto;Asfaltata;Verticale ed orizzontale;Sereno;Intenso;Buona;Sufficiente;0;0;0;3;12.4809;41.94021;-1;1;Autovettura privata;In marcia / fermata / arresto;Conducente;M;Illeso;0;;;
2580520;20;13/11/2015 19:20;Strada Urbana;CORSO DI FRANCIA;da specificare;;;;altezza rampa Tangenziale;Scontro laterale fra veicoli in marcia;Rettilineo;Due carreggiate;Asciutto;Asfaltata;Verticale ed orizzontale;Sereno;Intenso;Buona;Sufficiente;0;0;0;3;12.4809;41.94021;-1;1;Autovettura privata;In marcia / fermata / arresto;Passeggero;F;Illeso;0;;;
2580520;20;13/11/2015 19:20;Strada Urbana;CORSO DI FRANCIA;da specificare;;;;altezza rampa Tangenziale;Scontro laterale fra veicoli in marcia;Rettilineo;Due carreggiate;Asciutto;Asfaltata;Verticale ed orizzontale;Sereno;Intenso;Buona;Sufficiente;0;0;0;3;12.4809;41.94021;-1;2;Autovettura privata;In marcia / fermata / arresto;Conducente;F;Illeso;0;;;
2580620;19;14/11/2015 07:20;Strada Urbana;VIA DELLA PINETA SACCHETTI;all'intersezione con;VIA DI VILLA MAGGIORANI;VIA DI VILLA MAGGIORANI;;;Scontro laterale fra veicoli in marcia;Incrocio;Una carreggiata a senso unico di marcia;Asciutto;Asfaltata;Verticale ed orizzontale;Sereno;Scarso;Buona;Ore Diurne;1;0;0;1;12.4263;41.93134;-1;1;Autovettura privata;In marcia / fermata / arresto;Conducente;M;Illeso;0;;Non accertato;Inesploso
2580620;19;14/11/2015 07:20;Strada Urbana;VIA DELLA PINETA SACCHETTI;all'intersezione con;VIA DI VILLA MAGGIORANI;VIA DI VILLA MAGGIORANI;;;Scontro laterale fra veicoli in marcia;Incrocio;Una carreggiata a senso unico di marcia;Asciutto;Asfaltata;Verticale ed orizzontale;Sereno;Scarso;Buona;Ore Diurne;1;0;0;1;12.4263;41.93134;-1;2;Motociclo a solo;In marcia / fermata / arresto;Conducente;M;Rimandato;0;NON DECEDUTO;Non accertato;
2580716;6;14/11/2015 01:00;Strada Urbana;VIA DELLE CAVE;all'intersezione con;VIA NUMITORE;VIA NUMITORE;;;Tamponamento Multiplo;Incrocio;Due carreggiate;Asciutto;Asfaltata;Verticale ed orizzontale;Sereno;Scarso;Buona;Sufficiente;2;0;0;2;12.5298;41.87175;-1;1;Autovettura privata;In marcia / fermata / arresto;Conducente;M;Illeso;0;;;
2580716;6;14/11/2015 01:00;Strada Urbana;VIA DELLE CAVE;all'intersezione con;VIA NUMITORE;VIA NUMITORE;;;Tamponamento Multiplo;Incrocio;Due carreggiate;Asciutto;Asfaltata;Verticale ed orizzontale;Sereno;Scarso;Buona;Sufficiente;2;0;0;2;12.5298;41.87175;-1;2;Macchina operatrice;In marcia / fermata / arresto;Conducente;M;Illeso;0;;;
2580716;6;14/11/2015 01:00;Strada Urbana;VIA DELLE CAVE;all'intersezione con;VIA NUMITORE;VIA NUMITORE;;;Tamponamento Multiplo;Incrocio;Due carreggiate;Asciutto;Asfaltata;Verticale ed orizzontale;Sereno;Scarso;Buona;Sufficiente;2;0;0;2;12.5298;41.87175;-1;3;Autovettura di polizia;In marcia / fermata / arresto;Conducente;M;Rifiuta cure immediate;0;NON DECEDUTO;;
2580716;6;14/11/2015 01:00;Strada Urbana;VIA DELLE CAVE;all'intersezione con;VIA NUMITORE;VIA NUMITORE;;;Tamponamento Multiplo;Incrocio;Due carreggiate;Asciutto;Asfaltata;Verticale ed orizzontale;Sereno;Scarso;Buona;Sufficiente;2;0;0;2;12.5298;41.87175;-1;3;Autovettura di polizia;In marcia / fermata / arresto;Passeggero;M;Rifiuta cure immediate;0;NON DECEDUTO;;
2580750;9;14/11/2015 10:00;Strada Urbana;VIALE CASTRENSE;da specificare;;;;ALT. VIA CALTAGIRONE;Scontro laterale fra veicoli in marcia;Rettilineo;Due carreggiate;Asciutto;Asfaltata;Orizzontale;Nuvoloso;Normale;Buona;Ore Diurne;0;0;0;2;12.51553;41.88727;-1;1;Autovettura privata;In marcia / fermata / arresto;Conducente;M;Illeso;0;;Utilizzato;Inesploso
2580750;9;14/11/2015 10:00;Strada Urbana;VIALE CASTRENSE;da specificare;;;;ALT. VIA CALTAGIRONE;Scontro laterale fra veicoli in marcia;Rettilineo;Due carreggiate;Asciutto;Asfaltata;Orizzontale;Nuvoloso;Normale;Buona;Ore Diurne;0;0;0;2;12.51553;41.88727;-1;2;Autovettura privata;In marcia / fermata / arresto;Conducente;M;Illeso;0;;Utilizzato;Inesploso
2580765;2;14/11/2015 10:20;Strada Urbana;VIALE TIZIANO;all'intersezione semaforizzata con;PIAZZA APOLLODORO;PIAZZA APOLLODORO;;;Scontro frontale/laterale SX fra veicoli in marcia;Intersezione semaforizzata;Più di due carreggiate;Asciutto;Asfaltata;Verticale ed orizzontale;Nuvoloso;Normale;Buona;Ore Diurne;1;0;0;1;12.4707;41.92648;-1;1;Autovettura privata;In marcia / fermata / arresto;Conducente;M;Illeso;0;;Non accertato;Esploso
2580765;2;14/11/2015 10:20;Strada Urbana;VIALE TIZIANO;all'intersezione semaforizzata con;PIAZZA APOLLODORO;PIAZZA APOLLODORO;;;Scontro frontale/laterale SX fra veicoli in marcia;Intersezione semaforizzata;Più di due carreggiate;Asciutto;Asfaltata;Verticale ed orizzontale;Nuvoloso;Normale;Buona;Ore Diurne;1;0;0;1;12.4707;41.92648;-1;2;Autovettura privata;In marcia / fermata / arresto;Conducente;F;Rimandato;0;NON DECEDUTO;Non accertato;Inesploso
2580768;19;14/11/2015 12:05;Strada Urbana;VIA PIETRO BEMBO;in corrispondenza;;del civico n.;191;;Scontro frontale/laterale SX fra veicoli in marcia;Rettilineo;Una carreggiata a doppio senso;Asciutto;Asfaltata;Orizzontale;Sereno;Normale;Buona;Ore Diurne;0;0;0;2;12.41066;41.91596;-1;1;Autovettura privata;In marcia / fermata / arresto;Conducente;M;Illeso;0;;Non accertato;Inesploso
2580768;19;14/11/2015 12:05;Strada Urbana;VIA PIETRO BEMBO;in corrispondenza;;del civico n.;191;;Scontro frontale/laterale SX fra veicoli in marcia;Rettilineo;Una carreggiata a doppio senso;Asciutto;Asfaltata;Orizzontale;Sereno;Normale;Buona;Ore Diurne;0;0;0;2;12.41066;41.91596;-1;2;Motociclo a solo;In marcia / fermata / arresto;Conducente;M;Illeso;0;;Non accertato;
2580895;1;12/11/2015 19:20;Strada Urbana;PIAZZA DI PORTA S. GIOVANNI;all'intersezione semaforizzata con;VIALE CARLO FELICE;VIALE CARLO FELICE;;;Tamponamento;Intersezione semaforizzata;Una carreggiata a senso unico di marcia;Asciutto;Asfaltata;Verticale ed orizzontale;Sereno;Intenso;Buona;Sufficiente;1;0;0;1;12.50914;41.88658;-1;1;Autovettura privata;In marcia / fermata / arresto;Conducente;F;Illeso;0;;Non accertato;Inesploso
2580895;1;12/11/2015 19:20;Strada Urbana;PIAZZA DI PORTA S. GIOVANNI;all'intersezione semaforizzata con;VIALE CARLO FELICE;VIALE CARLO FELICE;;;Tamponamento;Intersezione semaforizzata;Una carreggiata a senso unico di marcia;Asciutto;Asfaltata;Verticale ed orizzontale;Sereno;Intenso;Buona;Sufficiente;1;0;0;1;12.50914;41.88658;-1;2;Motociclo a solo;In marcia / fermata / arresto;Conducente;M;Rimandato;0;NON DECEDUTO;Non accertato;
2580920;1;13/11/2015 15:55;Strada Urbana;VIA SALLUSTIANA;in prossimità;;del civico n.;49;;Veicolo in marcia contro veicolo in sosta;Rettilineo;Una carreggiata a senso unico di marcia;Asciutto;In cubetti di porfido;Verticale;Sereno;Normale;Buona;Ore Diurne;1;0;0;0;12.49135;41.90608;-1;1;Motociclo a solo;In marcia / fermata / arresto;Conducente;M;Rifiuta cure immediate;0;NON DECEDUTO;Non accertato;
2580949;1;13/11/2015 13:25;Strada Urbana;VIA DELL'AMBA ARADAM;in corrispondenza;;del civico n.;31/A;;Scontro laterale fra veicoli in marcia;Rettilineo;Una carreggiata a doppio senso;Asciutto;Asfaltata;Verticale ed orizzontale;Sereno;Normale;Buona;Ore Diurne;1;0;0;2;12.5002;41.88374;-1;1;Ciclomotore;In marcia / fermata / arresto;Conducente;F;Rimandato;0;NON DECEDUTO;Non accertato;
2580949;1;13/11/2015 13:25;Strada Urbana;VIA DELL'AMBA ARADAM;in corrispondenza;;del civico n.;31/A;;Scontro laterale fra veicoli in marcia;Rettilineo;Una carreggiata a doppio senso;Asciutto;Asfaltata;Verticale ed orizzontale;Sereno;Normale;Buona;Ore Diurne;1;0;0;2;12.5002;41.88374;-1;2;Autovettura privata;In marcia / fermata / arresto;Conducente;M;Illeso;0;;Non accertato;
2580949;1;13/11/2015 13:25;Strada Urbana;VIA DELL'AMBA ARADAM;in corrispondenza;;del civico n.;31/A;;Scontro laterale fra veicoli in marcia;Rettilineo;Una carreggiata a doppio senso;Asciutto;Asfaltata;Verticale ed orizzontale;Sereno;Normale;Buona;Ore Diurne;1;0;0;2;12.5002;41.88374;-1;2;Autovettura privata;In marcia / fermata / arresto;Passeggero;F;Illeso;0;;Non accertato;
2580982;1;13/11/2015 21:40;Strada Urbana;VIA PAOLA;in corrispondenza;;del civico n.;17;;Infortunio per caduta del veicolo;Rettilineo;Una carreggiata a senso unico di marcia;Sdrucciolevole (sabbia);Asfaltata;Verticale ed orizzontale;Sereno;Scarso;Sufficiente;Sufficiente;1;0;0;0;12.46574;41.90048;-1;1;Ciclomotore;In marcia / fermata / arresto;Conducente;M;Rimandato;0;NON DECEDUTO;;
2580991;2;14/11/2015 11:30;Strada Urbana;VIALE DELLA MOSCHEA;da specificare;;;;alt. park Stazione Monte Antenne;Scontro laterale fra veicoli in marcia;Rettilineo;Una carreggiata a senso unico di marcia;Asciutto;Asfaltata;Verticale ed orizzontale;Nuvoloso;Normale;Buona;Ore Diurne;1;0;0;1;12.49374;41.93397;-1;1;Autovettura privata;In marcia / fermata / arresto;Conducente;M;Illeso;0;;Non accertato;Inesploso
2580991;2;14/11/2015 11:30;Strada Urbana;VIALE DELLA MOSCHEA;da specificare;;;;alt. park Stazione Monte Antenne;Scontro laterale fra veicoli in marcia;Rettilineo;Una carreggiata a senso unico di marcia;Asciutto;Asfaltata;Verticale ed orizzontale;Nuvoloso;Normale;Buona;Ore Diurne;1;0;0;1;12.49374;41.93397;-1;2;Motociclo a solo;In marcia / fermata / arresto;Conducente;M;Ricoverato;0;NON DECEDUTO;Non accertato;
2581000;1;13/11/2015 16:45;Strada Urbana;VIA ALESSANDRO VOLTA;all'intersezione con;VIA LUCA DELLA ROBBIA;VIA LUCA DELLA ROBBIA;;;Scontro frontale/laterale DX fra veicoli in marcia;Incrocio;Una carreggiata a senso unico di marcia;Asciutto;Asfaltata;Verticale ed orizzontale;Sereno;Normale;Buona;Ore Diurne;0;0;0;5;12.47561;41.87799;-1;1;Autovettura privata;In marcia / fermata / arresto;Conducente;F;Illeso;0;;Non accertato;
2581000;1;13/11/2015 16:45;Strada Urbana;VIA ALESSANDRO VOLTA;all'intersezione con;VIA LUCA DELLA ROBBIA;VIA LUCA DELLA ROBBIA;;;Scontro frontale/laterale DX fra veicoli in marcia;Incrocio;Una carreggiata a senso unico di marcia;Asciutto;Asfaltata;Verticale ed orizzontale;Sereno;Normale;Buona;Ore Diurne;0;0;0;5;12.47561;41.87799;-1;1;Autovettura privata;In marcia / fermata / arresto;Passeggero;M;Illeso;0;;Non accertato;
2581000;1;13/11/2015 16:45;Strada Urbana;VIA ALESSANDRO VOLTA;all'intersezione con;VIA LUCA DELLA ROBBIA;VIA LUCA DELLA ROBBIA;;;Scontro frontale/laterale DX fra veicoli in marcia;Incrocio;Una carreggiata a senso unico di marcia;Asciutto;Asfaltata;Verticale ed orizzontale;Sereno;Normale;Buona;Ore Diurne;0;0;0;5;12.47561;41.87799;-1;1;Autovettura privata;In marcia / fermata / arresto;Passeggero;F;Illeso;0;;Non accertato;
2581000;1;13/11/2015 16:45;Strada Urbana;VIA ALESSANDRO VOLTA;all'intersezione con;VIA LUCA DELLA ROBBIA;VIA LUCA DELLA ROBBIA;;;Scontro frontale/laterale DX fra veicoli in marcia;Incrocio;Una carreggiata a senso unico di marcia;Asciutto;Asfaltata;Verticale ed orizzontale;Sereno;Normale;Buona;Ore Diurne;0;0;0;5;12.47561;41.87799;-1;2;Autovettura privata;In marcia / fermata / arresto;Conducente;M;Illeso;0;;Non accertato;Inesploso
2581000;1;13/11/2015 16:45;Strada Urbana;VIA ALESSANDRO VOLTA;all'intersezione con;VIA LUCA DELLA ROBBIA;VIA LUCA DELLA ROBBIA;;;Scontro frontale/laterale DX fra veicoli in marcia;Incrocio;Una carreggiata a senso unico di marcia;Asciutto;Asfaltata;Verticale ed orizzontale;Sereno;Normale;Buona;Ore Diurne;0;0;0;5;12.47561;41.87799;-1;2;Autovettura privata;In marcia / fermata / arresto;Passeggero;F;Illeso;0;;Non accertato;Inesploso
2581021;1;14/11/2015 00:30;Strada Urbana;LUNGOTEVERE AVENTINO;in prossimità;;del palo luce n.;20;;Veicolo in marcia contro ostacolo accidentale;Rettilineo;Una carreggiata a senso unico di marcia;Asciutto;Asfaltata;Verticale ed orizzontale;Sereno;Scarso;Buona;Insufficiente;0;0;0;2;12.47894;41.88549;-1;1;Autovettura privata;In marcia / fermata / arresto;Conducente;M;Illeso;0;;;
2581021;1;14/11/2015 00:30;Strada Urbana;LUNGOTEVERE AVENTINO;in prossimità;;del palo luce n.;20;;Veicolo in marcia contro ostacolo accidentale;Rettilineo;Una carreggiata a senso unico di marcia;Asciutto;Asfaltata;Verticale ed orizzontale;Sereno;Scarso;Buona;Insufficiente;0;0;0;2;12.47894;41.88549;-1;1;Autovettura privata;In marcia / fermata / arresto;Passeggero;F;Illeso;0;;;