Protocollo;Gruppo;DataOraIncidente;Localizzazione1;STRADA1;Localizzazione2;STRADA2;Strada02;Chilometrica;DaSpecificare;NaturaIncidente;particolaritastrade;TipoStrada;FondoStradale;Pavimentazione;Segnaletica;CondizioneAtmosferica;Traffico;Visibilita;Illuminazione;NUM_FERITI;NUM_RISERVATA;NUM_MORTI;NUM_ILLESI;Longitudine;Latitudine;Confermato;Progressivo;TipoVeicolo;StatoVeicolo;TipoPersona;Sesso;Tipolesione;Deceduto;DecedutoDopo;CinturaCascoUtilizzato;Airbag
2583632;12;16/11/2015 13:40;Statale entro l'abitato;VIA DEL MARE;in prossimità;;del civico n.;704;;Tamponamento Multiplo;Rettilineo;Una carreggiata a doppio senso;Asciutto;Asfaltata;Verticale ed orizzontale;Sereno;Normale;Buona;Ore Diurne;1;0;0;2;12.46571;41.84206;-1;2;Autovettura privata;In marcia / fermata / arresto;Conducente;M;Illeso;0;;Non accertato;Inesploso
2583632;12;16/11/2015 13:40;Statale entro l'abitato;VIA DEL MARE;in prossimità;;del civico n.;704;;Tamponamento Multiplo;Rettilineo;Una carreggiata a doppio senso;Asciutto;Asfaltata;Verticale ed orizzontale;Sereno;Normale;Buona;Ore Diurne;1;0;0;2;12.46571;41.84206;-1;3;Motociclo a solo;In marcia / fermata / arresto;Conducente;F;Rimandato;0;NON DECEDUTO;Non accertato;
2583652;11;16/11/2015 09:15;Strada Urbana;VIALE DEL CARAVAGGIO;da specificare;;;;in prossimità del fronte civico 101;Ribaltamento senza urto contro ostacolo fisso;Rettilineo;Una carreggiata a doppio senso;Asciutto;Asfaltata;Verticale ed orizzontale;Sereno;Normale;Buona;Ore Diurne;1;0;0;1;12.49579;41.85128;-1;1;Autovettura privata;In marcia / fermata / arresto;Conducente;F;Illeso;0;;Non accertato;Inesploso
2583652;11;16/11/2015 09:15;Strada Urbana;VIALE DEL CARAVAGGIO;da specificare;;;;in prossimità del fronte civico 101;Ribaltamento senza urto contro ostacolo fisso;Rettilineo;Una carreggiata a doppio senso;Asciutto;Asfaltata;Verticale ed orizzontale;Sereno;Normale;Buona;Ore Diurne;1;0;0;1;12.49579;41.85128;-1;2;Motociclo a solo;In marcia / fermata / arresto;Conducente;M;Ricoverato;0;NON DECEDUTO;;
2583659;5;16/11/2015 19:00;Strada Urbana;VIA DI PIETRALATA;da specificare;;;;ALTEZZA VIA DEL COTTANELLO;Investimento di pedone;Rettilineo;Una carreggiata a doppio senso;Asciutto;Asfaltata;Verticale ed orizzontale;Sereno;Normale;Sufficiente;Insufficiente;1;0;0;2;12.55549;41.91656;-1;;;;Pedone;F;Rimandato;0;NON DECEDUTO;;
2583659;5;16/11/2015 19:00;Strada Urbana;VIA DI PIETRALATA;da specificare;;;;ALTEZZA VIA DEL COTTANELLO;Investimento di pedone;Rettilineo;Una carreggiata a doppio senso;Asciutto;Asfaltata;Verticale ed orizzontale;Sereno;Normale;Sufficiente;Insufficiente;1;0;0;2;12.55549;41.91656;-1;1;Autovettura privata;In marcia / fermata / arresto;Conducente;M;Illeso;0;;Non accertato;
2583659;5;16/11/2015 19:00;Strada Urbana;VIA DI PIETRALATA;da specificare;;;;ALTEZZA VIA DEL COTTANELLO;Investimento di pedone;Rettilineo;Una carreggiata a doppio senso;Asciutto;Asfaltata;Verticale ed orizzontale;Sereno;Normale;Sufficiente;Insufficiente;1;0;0;2;12.55549;41.91656;-1;1;Autovettura privata;In marcia / fermata / arresto;Passeggero;F;Illeso;0;;Non accertato;
2583668;23;13/11/2015 09:00;Comunale extraurbana;VIA CRISTOFORO COLOMBO;in prossimità;;della chilometrica;18.2;;Scontro laterale fra veicoli in marcia;Rettilineo;Più di due carreggiate;Asciutto;Asfaltata;Verticale ed orizzontale;Sereno;Intenso;Buona;Ore Diurne;1;0;0;2;12.39692;41.77506;-1;1;Autovettura privata;In marcia / fermata / arresto;Conducente;F;Illeso;0;;Non accertato;Inesploso
2583668;23;13/11/2015 09:00;Comunale extraurbana;VIA CRISTOFORO COLOMBO;in prossimità;;della chilometrica;18.2;;Scontro laterale fra veicoli in marcia;Rettilineo;Più di due carreggiate;Asciutto;Asfaltata;Verticale ed orizzontale;Sereno;Intenso;Buona;Ore Diurne;1;0;0;2;12.39692;41.77506;-1;1;Autovettura privata;In marcia / fermata / arresto;Passeggero;F;Illeso;0;;Non accertato;Inesploso
2583668;23;13/11/2015 09:00;Comunale extraurbana;VIA CRISTOFORO COLOMBO;in prossimità;;della chilometrica;18.2;;Scontro laterale fra veicoli in marcia;Rettilineo;Più di due carreggiate;Asciutto;Asfaltata;Verticale ed orizzontale;Sereno;Intenso;Buona;Ore Diurne;1;0;0;2;12.39692;41.77506;-1;2;Motociclo a solo;In marcia / fermata / arresto;Conducente;M;Rifiuta cure immediate;0;NON DECEDUTO;Utilizzato;
2583669;11;17/11/2015 01:45;Strada Urbana;VIA ARDEATINA;all'intersezione con;VIA DELLE SETTE CHIESE;VIA DELLE SETTE CHIESE;;;Scontro frontale/laterale SX fra veicoli in marcia;Intersezione non regolata/non segnalata;Una carreggiata a doppio senso;Asciutto;Asfaltata;Verticale ed orizzontale;Sereno;Scarso;Buona;Sufficiente;2;0;0;2;12.52822;41.80219;-1;1;Autovettura pubblica;In marcia / fermata / arresto;Conducente;M;Illeso;0;;Non accertato;Inesploso
2583669;11;17/11/2015 01:45;Strada Urbana;VIA ARDEATINA;all'intersezione con;VIA DELLE SETTE CHIESE;VIA DELLE SETTE CHIESE;;;Scontro frontale/laterale SX fra veicoli in marcia;Intersezione non regolata/non segnalata;Una carreggiata a doppio senso;Asciutto;Asfaltata;Verticale ed orizzontale;Sereno;Scarso;Buona;Sufficiente;2;0;0;2;12.52822;41.80219;-1;1;Autovettura pubblica;In marcia / fermata / arresto;Passeggero;M;Rifiuta cure immediate;0;NON DECEDUTO;Non accertato;Inesistente
2583669;11;17/11/2015 01:45;Strada Urbana;VIA ARDEATINA;all'intersezione con;VIA DELLE SETTE CHIESE;VIA DELLE SETTE CHIESE;;;Scontro frontale/laterale SX fra veicoli in marcia;Intersezione non regolata/non segnalata;Una carreggiata a doppio senso;Asciutto;Asfaltata;Verticale ed orizzontale;Sereno;Scarso;Buona;Sufficiente;2;0;0;2;12.52822;41.80219;-1;1;Autovettura pubblica;In marcia / fermata / arresto;Passeggero;F;Rimandato;0;NON DECEDUTO;Non accertato;
2583669;11;17/11/2015 01:45;Strada Urbana;VIA ARDEATINA;all'intersezione con;VIA DELLE SETTE CHIESE;VIA DELLE SETTE CHIESE;;;Scontro frontale/laterale SX fra veicoli in marcia;Intersezione non regolata/non segnalata;Una carreggiata a doppio senso;Asciutto;Asfaltata;Verticale ed orizzontale;Sereno;Scarso;Buona;Sufficiente;2;0;0;2;12.52822;41.80219;-1;2;Autovettura privata;In marcia / fermata / arresto;Conducente;M;Illeso;0;;Non accertato;Inesploso
2583690;8;16/11/2015 20:05;Statale entro l'abitato;VIA CASILINA;in prossimità;;del civico n.;1765;;Investimento di pedone;Rettilineo;Una carreggiata a doppio senso;Asciutto;Asfaltata;Verticale ed orizzontale;Sereno;Normale;Buona;Sufficiente;3;0;0;0;12.67526;41.86378;-1;;;;Pedone;F;Ricoverato;0;NON DECEDUTO;;
2583690;8;16/11/2015 20:05;Statale entro l'abitato;VIA CASILINA;in prossimità;;del civico n.;1765;;Investimento di pedone;Rettilineo;Una carreggiata a doppio senso;Asciutto;Asfaltata;Verticale ed orizzontale;Sereno;Normale;Buona;Sufficiente;3;0;0;0;12.67526;41.86378;-1;1;Motociclo a solo;In marcia / fermata / arresto;Conducente;M;Rimandato;0;NON DECEDUTO;Non accertato;
2583704;8;16/11/2015 17:30;Strada Urbana;VIALE DEI ROMANISTI;da specificare;;;;alt. Via Filippo Annessi;Tamponamento;Rettilineo;Due carreggiate;Asciutto;Asfaltata;Verticale ed orizzontale;Sereno;Normale;Insufficiente;Insufficiente;0;0;0;2;12.57733;41.86753;-1;1;Autocarro inferiore 35 q.;In marcia / fermata / arresto;Conducente;M;Illeso;0;;Non accertato;
2583704;8;16/11/2015 17:30;Strada Urbana;VIALE DEI ROMANISTI;da specificare;;;;alt. Via Filippo Annessi;Tamponamento;Rettilineo;Due carreggiate;Asciutto;Asfaltata;Verticale ed orizzontale;Sereno;Normale;Insufficiente;Insufficiente;0;0;0;2;12.57733;41.86753;-1;2;Motociclo a solo;In marcia / fermata / arresto;Conducente;M;Illeso;0;;Non accertato;
2583708;5;16/11/2015 17:35;Strada Urbana;VIA TIBURTINA;da specificare;;;;in prossimità di VIA DEL CASALE DI S. BASILIO;Scontro laterale fra veicoli in marcia;Rettilineo;Due carreggiate;Asciutto;Asfaltata;Orizzontale;Sereno;Intenso;Buona;Sufficiente;0;0;0;5;12.56247;42.40854;-1;1;Motociclo con passeggero;In marcia / fermata / arresto;Conducente;M;Illeso;0;;Non accertato;
2583708;5;16/11/2015 17:35;Strada Urbana;VIA TIBURTINA;da specificare;;;;in prossimità di VIA DEL CASALE DI S. BASILIO;Scontro laterale fra veicoli in marcia;Rettilineo;Due carreggiate;Asciutto;Asfaltata;Orizzontale;Sereno;Intenso;Buona;Sufficiente;0;0;0;5;12.56247;42.40854;-1;1;Motociclo con passeggero;In marcia / fermata / arresto;Passeggero;M;Illeso;0;;Non accertato;
2583708;5;16/11/2015 17:35;Strada Urbana;VIA TIBURTINA;da specificare;;;;in prossimità di VIA DEL CASALE DI S. BASILIO;Scontro laterale fra veicoli in marcia;Rettilineo;Due carreggiate;Asciutto;Asfaltata;Orizzontale;Sereno;Intenso;Buona;Sufficiente;0;0;0;5;12.56247;42.40854;-1;2;Autovettura di polizia;In marcia / fermata / arresto;Conducente;M;Illeso;0;;Non accertato;Inesistente
2583708;5;16/11/2015 17:35;Strada Urbana;VIA TIBURTINA;da specificare;;;;in prossimità di VIA DEL CASALE DI S. BASILIO;Scontro laterale fra veicoli in marcia;Rettilineo;Due carreggiate;Asciutto;Asfaltata;Orizzontale;Sereno;Intenso;Buona;Sufficiente;0;0;0;5;12.56247;42.40854;-1;2;Autovettura di polizia;In marcia / fermata / arresto;Passeggero;M;Illeso;0;;Non accertato;Inesistente
2583708;5;16/11/2015 17:35;Strada Urbana;VIA TIBURTINA;da specificare;;;;in prossimità di VIA DEL CASALE DI S. BASILIO;Scontro laterale fra veicoli in marcia;Rettilineo;Due carreggiate;Asciutto;Asfaltata;Orizzontale;Sereno;Intenso;Buona;Sufficiente;0;0;0;5;12.56247;42.40854;-1;2;Autovettura di polizia;In marcia / fermata / arresto;Passeggero;M;Illeso;0;;Non accertato;Inesistente
2583712;8;16/11/2015 14:00;Strada Urbana;VIA DELLE AMAZZONI;in prossimità;;del civico n.;46;;Veicolo in marcia contro veicoli in sosta;Rettilineo;Una carreggiata a doppio senso;Asciutto;Asfaltata;Assente;Sereno;Scarso;Buona;Ore Diurne;0;0;0;1;12.61185;41.8713;-1;2;Autovettura privata;In marcia / fermata / arresto;Conducente;M;Illeso;0;;Non accertato;Inesploso
2583721;13;16/11/2015 12:20;Strada Urbana;VIA ALESSANDRO STRADELLA;all'intersezione con;VIALE DI CASTEL PORZIANO;VIALE DI CASTEL PORZIANO;;;Scontro frontale/laterale DX fra veicoli in marcia;Incrocio;Una carreggiata a doppio senso;Asciutto;Strada pavimentata dissestata;Verticale;Sereno;Normale;Sufficiente;Ore Diurne;0;0;0;4;12.34914;41.73083;-1;1;Autovettura privata;In marcia / fermata / arresto;Conducente;M;Illeso;0;;Non accertato;Inesploso
2583721;13;16/11/2015 12:20;Strada Urbana;VIA ALESSANDRO STRADELLA;all'intersezione con;VIALE DI CASTEL PORZIANO;VIALE DI CASTEL PORZIANO;;;Scontro frontale/laterale DX fra veicoli in marcia;Incrocio;Una carreggiata a doppio senso;Asciutto;Strada pavimentata dissestata;Verticale;Sereno;Normale;Sufficiente;Ore Diurne;0;0;0;4;12.34914;41.73083;-1;1;Autovettura privata;In marcia / fermata / arresto;Passeggero;F;Illeso;0;;Non accertato;Inesploso
2583721;13;16/11/2015 12:20;Strada Urbana;VIA ALESSANDRO STRADELLA;all'intersezione con;VIALE DI CASTEL PORZIANO;VIALE DI CASTEL PORZIANO;;;Scontro frontale/laterale DX fra veicoli in marcia;Incrocio;Una carreggiata a doppio senso;Asciutto;Strada pavimentata dissestata;Verticale;Sereno;Normale;Sufficiente;Ore Diurne;0;0;0;4;12.34914;41.73083;-1;1;Autovettura privata;In marcia / fermata / arresto;Passeggero;F;Illeso;0;;Non accertato;Inesploso
2583721;13;16/11/2015 12:20;Strada Urbana;VIA ALESSANDRO STRADELLA;all'intersezione con;VIALE DI CASTEL PORZIANO;VIALE DI CASTEL PORZIANO;;;Scontro frontale/laterale DX fra veicoli in marcia;Incrocio;Una carreggiata a doppio senso;Asciutto;Strada pavimentata dissestata;Verticale;Sereno;Normale;Sufficiente;Ore Diurne;0;0;0;4;12.34914;41.73083;-1;2;Autovettura privata;In marcia / fermata / arresto;Conducente;M;Illeso;0;;Non accertato;Inesploso
2583730;8;16/11/2015 18:10;Strada Urbana;VIA DI LUNGHEZZA;in prossimità;;del civico n.;14;;Scontro laterale fra veicoli in marcia;Rettilineo;Una carreggiata a doppio senso;Asciutto;Asfaltata;Assente;Sereno;Intenso;Sufficiente;Sufficiente;0;0;0;6;12.67086;41.92303;-1;1;Autovettura privata;In marcia / fermata / arresto;Conducente;M;Illeso;0;;Non accertato;Inesploso
2583730;8;16/11/2015 18:10;Strada Urbana;VIA DI LUNGHEZZA;in prossimità;;del civico n.;14;;Scontro laterale fra veicoli in marcia;Rettilineo;Una carreggiata a doppio senso;Asciutto;Asfaltata;Assente;Sereno;Intenso;Sufficiente;Sufficiente;0;0;0;6;12.67086;41.92303;-1;1;Autovettura privata;In marcia / fermata / arresto;Passeggero;F;Illeso;0;;Non accertato;Inesploso
2583730;8;16/11/2015 18:10;Strada Urbana;VIA DI LUNGHEZZA;in prossimità;;del civico n.;14;;Scontro laterale fra veicoli in marcia;Rettilineo;Una carreggiata a doppio senso;Asciutto;Asfaltata;Assente;Sereno;Intenso;Sufficiente;Sufficiente;0;0;0;6;12.67086;41.92303;-1;1;Autovettura privata;In marcia / fermata / arresto;Passeggero;F;Illeso;0;;Non accertato;Inesploso
2583730;8;16/11/2015 18:10;Strada Urbana;VIA DI LUNGHEZZA;in prossimità;;del civico n.;14;;Scontro laterale fra veicoli in marcia;Rettilineo;Una carreggiata a doppio senso;Asciutto;Asfaltata;Assente;Sereno;Intenso;Sufficiente;Sufficiente;0;0;0;6;12.67086;41.92303;-1;1;Autovettura privata;In marcia / fermata / arresto;Passeggero;M;Illeso;0;;Non accertato;Inesploso
2583730;8;16/11/2015 18:10;Strada Urbana;VIA DI LUNGHEZZA;in prossimità;;del civico n.;14;;Scontro laterale fra veicoli in marcia;Rettilineo;Una carreggiata a doppio senso;Asciutto;Asfaltata;Assente;Sereno;Intenso;Sufficiente;Sufficiente;0;0;0;6;12.67086;41.92303;-1;2;Autovettura privata;In marcia / fermata / arresto;Conducente;F;Illeso;0;;Non accertato;Inesploso
2583730;8;16/11/2015 18:10;Strada Urbana;VIA DI LUNGHEZZA;in prossimità;;del civico n.;14;;Scontro laterale fra veicoli in marcia;Rettilineo;Una carreggiata a doppio senso;Asciutto;Asfaltata;Assente;Sereno;Intenso;Sufficiente;Sufficiente;0;0;0;6;12.67086;41.92303;-1;2;Autovettura privata;In marcia / fermata / arresto;Passeggero;F;Illeso;0;;Non accertato;Inesploso
2583735;12;16/11/2015 17:40;Strada Urbana;VIALE CESARE PAVESE;all'intersezione con;VIA ELIO VITTORINI;VIA ELIO VITTORINI;;;Investimento di pedone;Incrocio;Due carreggiate;Asciutto;Asfaltata;Verticale ed orizzontale;Sereno;Normale;Sufficiente;Sufficiente;1;0;0;1;12.47281;41.8168;-1;;;;Pedone;F;Rimandato;0;NON DECEDUTO;;
2583735;12;16/11/2015 17:40;Strada Urbana;VIALE CESARE PAVESE;all'intersezione con;VIA ELIO VITTORINI;VIA ELIO VITTORINI;;;Investimento di pedone;Incrocio;Due carreggiate;Asciutto;Asfaltata;Verticale ed orizzontale;Sereno;Normale;Sufficiente;Sufficiente;1;0;0;1;12.47281;41.8168;-1;1;Autovettura privata;In marcia / fermata / arresto;Conducente;M;Illeso;0;;Non accertato;Inesploso
2583736;8;16/11/2015 11:55;Statale entro l'abitato;VIA CASILINA;all'intersezione con;VIA DI GROTTE CELONI;VIA DI GROTTE CELONI;;;Veicolo in marcia contro ostacolo accidentale;Incrocio;Due carreggiate;Asciutto;Asfaltata;Verticale ed orizzontale;Sereno;Normale;Buona;Ore Diurne;0;0;0;1;12.60933;41.86405;-1;1;Autovettura privata;In marcia / fermata / arresto;Conducente;M;Illeso;0;;Non accertato;Inesploso
2583742;20;16/11/2015 13:10;Strada Urbana;VIA DELLA CAMILLUCCIA;in corrispondenza;;del civico n.;480;;Tamponamento;Rettilineo;Una carreggiata a doppio senso;Asciutto;Asfaltata;Verticale ed orizzontale;Sereno;Normale;Buona;Ore Diurne;0;0;0;2;12.44689;41.94185;-1;1;Autovettura privata;In marcia / fermata / arresto;Conducente;M;Illeso;0;;;
2583742;20;16/11/2015 13:10;Strada Urbana;VIA DELLA CAMILLUCCIA;in corrispondenza;;del civico n.;480;;Tamponamento;Rettilineo;Una carreggiata a doppio senso;Asciutto;Asfaltata;Verticale ed orizzontale;Sereno;Normale;Buona;Ore Diurne;0;0;0;2;12.44689;41.94185;-1;2;Autovettura privata;In marcia / fermata / arresto;Conducente;M;Illeso;0;;Non accertato;
2583749;20;16/11/2015 20:50;Strada Urbana;CORSO DI FRANCIA;in prossimità;;del civico n.;154;;Tamponamento Multiplo;Rettilineo;Due carreggiate;Asciutto;Asfaltata;Orizzontale;Sereno;Normale;Buona;Sufficiente;1;0;0;2;12.47014;41.94323;-1;1;Autovettura privata;In marcia / fermata / arresto;Conducente;M;Illeso;0;;Non accertato;
2583749;20;16/11/2015 20:50;Strada Urbana;CORSO DI FRANCIA;in prossimità;;del civico n.;154;;Tamponamento Multiplo;Rettilineo;Due carreggiate;Asciutto;Asfaltata;Orizzontale;Sereno;Normale;Buona;Sufficiente;1;0;0;2;12.47014;41.94323;-1;2;Autovettura privata;In marcia / fermata / arresto;Conducente;M;Illeso;0;;Non accertato;
2583749;20;16/11/2015 20:50;Strada Urbana;CORSO DI FRANCIA;in prossimità;;del civico n.;154;;Tamponamento Multiplo;Rettilineo;Due carreggiate;Asciutto;Asfaltata;Orizzontale;Sereno;Normale;Buona;Sufficiente;1;0;0;2;12.47014;41.94323;-1;3;Autovettura privata;In marcia / fermata / arresto;Conducente;F;Rimandato;0;NON DECEDUTO;Non accertato;
2583754;8;16/11/2015 11:40;Strada Urbana;VIA COLLATINA;da specificare;;;;in prossimità via E. Forlanini;Tamponamento Multiplo;Curva senza visuale libera;Una carreggiata a doppio senso;Asciutto;Asfaltata;Verticale ed orizzontale;Sereno;Scarso;Buona;Ore Diurne;0;0;0;3;12.61053;41.90604;-1;1;Autovettura privata;In marcia / fermata / arresto;Conducente;F;Illeso;0;;Non accertato;Inesploso
2583754;8;16/11/2015 11:40;Strada Urbana;VIA COLLATINA;da specificare;;;;in prossimità via E. Forlanini;Tamponamento Multiplo;Curva senza visuale libera;Una carreggiata a doppio senso;Asciutto;Asfaltata;Verticale ed orizzontale;Sereno;Scarso;Buona;Ore Diurne;0;0;0;3;12.61053;41.90604;-1;2;Autovettura privata;In marcia / fermata / arresto;Conducente;M;Illeso;0;;Non accertato;Inesploso
2583754;8;16/11/2015 11:40;Strada Urbana;VIA COLLATINA;da specificare;;;;in prossimità via E. Forlanini;Tamponamento Multiplo;Curva senza visuale libera;Una carreggiata a doppio senso;Asciutto;Asfaltata;Verticale ed orizzontale;Sereno;Scarso;Buona;Ore Diurne;0;0;0;3;12.61053;41.90604;-1;3;Autovettura privata;In marcia / fermata / arresto;Conducente;M;Illeso;0;;Non accertato;Inesploso
2583768;13;16/11/2015 17:55;Strada Urbana;VIA DI TOR BOACCIANA;da specificare;;;;prossimità Via del Ponte di Tor Boacciana;Tamponamento;Rettilineo;Due carreggiate;Asciutto;Asfaltata;Verticale ed orizzontale;Sereno;Intenso;Insufficiente;Inesistente;0;0;0;2;12.28948;41.75116;-1;1;Autovettura privata;In marcia / fermata / arresto;Conducente;M;Illeso;0;;Non accertato;Inesploso
2583768;13;16/11/2015 17:55;Strada Urbana;VIA DI TOR BOACCIANA;da specificare;;;;prossimità Via del Ponte di Tor Boacciana;Tamponamento;Rettilineo;Due carreggiate;Asciutto;Asfaltata;Verticale ed orizzontale;Sereno;Intenso;Insufficiente;Inesistente;0;0;0;2;12.28948;41.75116;-1;2;Autovettura privata;In marcia / fermata / arresto;Conducente;M;Illeso;0;;Non accertato;Inesploso
2583772;10;16/11/2015 08:45;Strada Urbana;VIA TUSCOLANA;all'intersezione semaforizzata con;VIA DELLE CAPANNELLE;VIA DELLE CAPANNELLE;;;Infortunio per caduta del veicolo;Intersezione semaforizzata;Due carreggiate;Asciutto;Asfaltata;Verticale ed orizzontale;Sereno;Normale;Buona;Ore Diurne;1;0;0;0;12.57613;41.84893;-1;1;Motociclo a solo;In marcia / fermata / arresto;Conducente;M;Rimandato;0;NON DECEDUTO;Non accertato;
2583776;10;16/11/2015 19:50;Strada Urbana;VIA TUSCOLANA;all'intersezione con;VIA CURZIO RUFO;VIA CURZIO RUFO;;;Scontro frontale/laterale DX fra veicoli in marcia;Incrocio;Due carreggiate;Asciutto;Asfaltata;Verticale ed orizzontale;Sereno;Intenso;Sufficiente;Sufficiente;3;0;0;1;12.56072;41.85758;-1;1;Autovettura privata;In marcia / fermata / arresto;Conducente;F;Rimandato;0;NON DECEDUTO;Non accertato;Inesploso
2583776;10;16/11/2015 19:50;Strada Urbana;VIA TUSCOLANA;all'intersezione con;VIA CURZIO RUFO;VIA CURZIO RUFO;;;Scontro frontale/laterale DX fra veicoli in marcia;Incrocio;Due carreggiate;Asciutto;Asfaltata;Verticale ed orizzontale;Sereno;Intenso;Sufficiente;Sufficiente;3;0;0;1;12.56072;41.85758;-1;1;Autovettura privata;In marcia / fermata / arresto;Passeggero;F;Rimandato;0;NON DECEDUTO;Non accertato;Inesploso
2583776;10;16/11/2015 19:50;Strada Urbana;VIA TUSCOLANA;all'intersezione con;VIA CURZIO RUFO;VIA CURZIO RUFO;;;Scontro frontale/laterale DX fra veicoli in marcia;Incrocio;Due carreggiate;Asciutto;Asfaltata;Verticale ed orizzontale;Sereno;Intenso;Sufficiente;Sufficiente;3;0;0;1;12.56072;41.85758;-1;2;Autovettura privata;In marcia / fermata / arresto;Conducente;F;Illeso;0;;Non accertato;Inesploso
2583776;10;16/11/2015 19:50;Strada Urbana;VIA TUSCOLANA;all'intersezione con;VIA CURZIO RUFO;VIA CURZIO RUFO;;;Scontro frontale/laterale DX fra veicoli in marcia;Incrocio;Due carreggiate;Asciutto;Asfaltata;Verticale ed orizzontale;Sereno;Intenso;Sufficiente;Sufficiente;3;0;0;1;12.56072;41.85758;-1;3;Autovettura privata;In marcia / fermata / arresto;Conducente;F;Rimandato;0;NON DECEDUTO;Non accertato;Inesploso
2583779;12;16/11/2015 17:45;Strada Urbana;VIA CINA;in prossimità;;del civico n.;91;;Scontro laterale fra veicoli in marcia;Rettilineo;Una carreggiata a doppio senso;Asciutto;Asfaltata;Verticale ed orizzontale;Sereno;Normale;Buona;Ore Diurne;1;0;0;1;12.43535;41.81368;-1;1;Autovettura privata;In marcia / fermata / arresto;Conducente;M;Illeso;0;;Non accertato;Inesploso
2583779;12;16/11/2015 17:45;Strada Urbana;VIA CINA;in prossimità;;del civico n.;91;;Scontro laterale fra veicoli in marcia;Rettilineo;Una carreggiata a doppio senso;Asciutto;Asfaltata;Verticale ed orizzontale;Sereno;Normale;Buona;Ore Diurne;1;0;0;1;12.43535;41.81368;-1;2;Motociclo a solo;In marcia / fermata / arresto;Conducente;M;Rimandato;0;NON DECEDUTO;Non accertato;
2583809;20;16/11/2015 14:25;Strada Urbana;VIA ORIOLO ROMANO;in corrispondenza;;del palo luce n.;65;;Tamponamento;Curva a visuale libera;Una carreggiata a doppio senso;Asciutto;Asfaltata;Verticale ed orizzontale;Sereno;Scarso;Buona;Ore Diurne;1;0;0;1;12.46081;41.96049;-1;1;Autovettura privata;In marcia / fermata / arresto;Conducente;F;Illeso;0;;Non accertato;
2583809;20;16/11/2015 14:25;Strada Urbana;VIA ORIOLO ROMANO;in corrispondenza;;del palo luce n.;65;;Tamponamento;Curva a visuale libera;Una carreggiata a doppio senso;Asciutto;Asfaltata;Verticale ed orizzontale;Sereno;Scarso;Buona;Ore Diurne;1;0;0;1;12.46081;41.96049;-1;2;Ciclomotore;In marcia / fermata / arresto;Conducente;F;Rimandato;0;NON DECEDUTO;Non accertato;
2583817;13;16/11/2015 18:10;Strada Urbana;VIA DELLA STAZIONE DEL LIDO;all'intersezione con;VIA DEI PALLOTTINI;VIA DEI PALLOTTINI;;;Scontro frontale/laterale SX fra veicoli in marcia;Incrocio;Una carreggiata a doppio senso;Asciutto;Asfaltata;Orizzontale;Sereno;Normale;Buona;Sufficiente;0;0;0;3;12.2829;41.73195;-1;1;Autocarro inferiore 35 q.;In marcia / fermata / arresto;Conducente;M;Illeso;0;;Non accertato;Inesploso
2583817;13;16/11/2015 18:10;Strada Urbana;VIA DELLA STAZIONE DEL LIDO;all'intersezione con;VIA DEI PALLOTTINI;VIA DEI PALLOTTINI;;;Scontro frontale/laterale SX fra veicoli in marcia;Incrocio;Una carreggiata a doppio senso;Asciutto;Asfaltata;Orizzontale;Sereno;Normale;Buona;Sufficiente;0;0;0;3;12.2829;41.73195;-1;1;Autocarro inferiore 35 q.;In marcia / fermata / arresto;Passeggero;F;Illeso;0;;Non accertato;Inesploso
2583817;13;16/11/2015 18:10;Strada Urbana;VIA DELLA STAZIONE DEL LIDO;all'intersezione con;VIA DEI PALLOTTINI;VIA DEI PALLOTTINI;;;Scontro frontale/laterale SX fra veicoli in marcia;Incrocio;Una carreggiata a doppio senso;Asciutto;Asfaltata;Orizzontale;Sereno;Normale;Buona;Sufficiente;0;0;0;3;12.2829;41.73195;-1;2;Autovettura privata;In marcia / fermata / arresto;Conducente;M;Illeso;0;;Non accertato;Inesploso
2583836;19;16/11/2015 19:15;Strada Urbana;PIAZZA PASSO DEL PORDOI;da specificare;;;;rotatoria;Scontro laterale fra veicoli in marcia;Rotatoria;Una carreggiata a senso unico di marcia;Asciutto;Asfaltata;Verticale ed orizzontale;Sereno;Normale;Buona;Sufficiente;0;0;0;2;12.44133;41.9404;-1;1;Autovettura privata;In marcia / fermata / arresto;Conducente;M;Illeso;0;;Non accertato;Inesploso
2583836;19;16/11/2015 19:15;Strada Urbana;PIAZZA PASSO DEL PORDOI;da specificare;;;;rotatoria;Scontro laterale fra veicoli in marcia;Rotatoria;Una carreggiata a senso unico di marcia;Asciutto;Asfaltata;Verticale ed orizzontale;Sereno;Normale;Buona;Sufficiente;0;0;0;2;12.44133;41.9404;-1;2;Motociclo a solo;In marcia / fermata / arresto;Conducente;M;Illeso;0;;Non accertato;
2583837;12;16/11/2015 19:15;Strada Urbana;VIALE AMERICA;in corrispondenza;;del civico n.;111;;Scontro laterale fra veicoli in marcia;Rettilineo;Una carreggiata a doppio senso;Asciutto;Asfaltata;Verticale ed orizzontale;Sereno;Scarso;Buona;Sufficiente;0;0;0;1;12.46411;41.83087;-1;1;Autovettura privata;In marcia / fermata / arresto;Conducente;M;Illeso;0;;Non accertato;Inesploso