Protocollo;Gruppo;DataOraIncidente;Localizzazione1;STRADA1;Localizzazione2;STRADA2;Strada02;Chilometrica;DaSpecificare;NaturaIncidente;particolaritastrade;TipoStrada;FondoStradale;Pavimentazione;Segnaletica;CondizioneAtmosferica;Traffico;Visibilita;Illuminazione;NUM_FERITI;NUM_RISERVATA;NUM_MORTI;NUM_ILLESI;Longitudine;Latitudine;Confermato;Progressivo;TipoVeicolo;StatoVeicolo;TipoPersona;Sesso;Tipolesione;Deceduto;DecedutoDopo;CinturaCascoUtilizzato;Airbag
2592325;19;23/11/2015 14:15;Strada Urbana;VIA PIETRO MAFFI;in corrispondenza;;del civico n.;54;;Investimento di pedone;Rettilineo;Una carreggiata a doppio senso;Asciutto;Asfaltata;Verticale ed orizzontale;Nuvoloso;Intenso;Buona;Ore Diurne;1;0;0;1;12.41758;41.92303;-1;;;;Pedone;F;Ricoverato;0;NON DECEDUTO;;
2592325;19;23/11/2015 14:15;Strada Urbana;VIA PIETRO MAFFI;in corrispondenza;;del civico n.;54;;Investimento di pedone;Rettilineo;Una carreggiata a doppio senso;Asciutto;Asfaltata;Verticale ed orizzontale;Nuvoloso;Intenso;Buona;Ore Diurne;1;0;0;1;12.41758;41.92303;-1;1;Motociclo a solo;In marcia / fermata / arresto;Conducente;M;Illeso;0;;Non accertato;
2592335;12;20/11/2015 20:25;Strada Urbana;VIA FEDERICO ALESSANDRINI;in corrispondenza;;del civico n.;64;;Scontro frontale/laterale DX fra veicoli in marcia;Rettilineo;Una carreggiata a doppio senso;Asciutto;Asfaltata;Verticale ed orizzontale;Sereno;Scarso;Buona;Sufficiente;0;0;0;3;12.47012;41.76691;-1;1;Autocarro inferiore 35 q.;In marcia / fermata / arresto;Conducente;M;Illeso;0;;Non accertato;Inesploso
2592335;12;20/11/2015 20:25;Strada Urbana;VIA FEDERICO ALESSANDRINI;in corrispondenza;;del civico n.;64;;Scontro frontale/laterale DX fra veicoli in marcia;Rettilineo;Una carreggiata a doppio senso;Asciutto;Asfaltata;Verticale ed orizzontale;Sereno;Scarso;Buona;Sufficiente;0;0;0;3;12.47012;41.76691;-1;1;Autocarro inferiore 35 q.;In marcia / fermata / arresto;Passeggero;M;Illeso;0;;Utilizzato;Inesploso
2592335;12;20/11/2015 20:25;Strada Urbana;VIA FEDERICO ALESSANDRINI;in corrispondenza;;del civico n.;64;;Scontro frontale/laterale DX fra veicoli in marcia;Rettilineo;Una carreggiata a doppio senso;Asciutto;Asfaltata;Verticale ed orizzontale;Sereno;Scarso;Buona;Sufficiente;0;0;0;3;12.47012;41.76691;-1;2;Autovettura privata;In marcia / fermata / arresto;Conducente;M;Illeso;0;;Utilizzato;Inesploso
2592342;17;21/11/2015 17:10;Strada Urbana;BORGO ANGELICO;da specificare;;;;fronte civico 36;Veicolo in marcia contro veicolo fermo;Rettilineo;Una carreggiata a senso unico di marcia;Bagnato (pioggia);Acciotolata;Verticale ed orizzontale;Nuvoloso;Scarso;Sufficiente;Sufficiente;0;0;0;2;12.45922;41.90524;-1;1;Autovettura privata;In marcia / fermata / arresto;Conducente;M;Illeso;0;;;
2592342;17;21/11/2015 17:10;Strada Urbana;BORGO ANGELICO;da specificare;;;;fronte civico 36;Veicolo in marcia contro veicolo fermo;Rettilineo;Una carreggiata a senso unico di marcia;Bagnato (pioggia);Acciotolata;Verticale ed orizzontale;Nuvoloso;Scarso;Sufficiente;Sufficiente;0;0;0;2;12.45922;41.90524;-1;2;Motociclo a solo;In marcia / fermata / arresto;Conducente;M;Illeso;0;;;
2592345;16;22/11/2015 11:15;Strada Urbana;VIALE DI TRASTEVERE;in prossimità;;del civico n.;183;;Infortunio per sola frenata improvvisa;Rettilineo;Più di due carreggiate;Asciutto;Asfaltata;Verticale ed orizzontale;Sereno;Normale;Buona;Ore Diurne;2;0;0;1;12.46927;41.88308;-1;1;Autobus di linea;In marcia / fermata / arresto;Conducente;M;Illeso;0;;Non accertato;
2592345;16;22/11/2015 11:15;Strada Urbana;VIALE DI TRASTEVERE;in prossimità;;del civico n.;183;;Infortunio per sola frenata improvvisa;Rettilineo;Più di due carreggiate;Asciutto;Asfaltata;Verticale ed orizzontale;Sereno;Normale;Buona;Ore Diurne;2;0;0;1;12.46927;41.88308;-1;2;Motociclo con passeggero;In marcia / fermata / arresto;Conducente;M;Rimandato;0;NON DECEDUTO;Non accertato;
2592345;16;22/11/2015 11:15;Strada Urbana;VIALE DI TRASTEVERE;in prossimità;;del civico n.;183;;Infortunio per sola frenata improvvisa;Rettilineo;Più di due carreggiate;Asciutto;Asfaltata;Verticale ed orizzontale;Sereno;Normale;Buona;Ore Diurne;2;0;0;1;12.46927;41.88308;-1;2;Motociclo con passeggero;In marcia / fermata / arresto;Passeggero;F;Rimandato;0;NON DECEDUTO;Non accertato;
2592350;12;23/11/2015 14:10;Strada Urbana;VIALE CESARE PAVESE;in prossimità;;del civico n.;319;;Scontro laterale fra veicoli in marcia;Rettilineo;Due carreggiate;Bagnato (pioggia);Asfaltata;Verticale ed orizzontale;Pioggia in atto;Normale;Buona;Ore Diurne;1;0;0;3;12.47077;41.81666;-1;1;Autocarro inferiore 35 q.;In marcia / fermata / arresto;Conducente;M;Illeso;0;;Utilizzato;Inesploso
2592350;12;23/11/2015 14:10;Strada Urbana;VIALE CESARE PAVESE;in prossimità;;del civico n.;319;;Scontro laterale fra veicoli in marcia;Rettilineo;Due carreggiate;Bagnato (pioggia);Asfaltata;Verticale ed orizzontale;Pioggia in atto;Normale;Buona;Ore Diurne;1;0;0;3;12.47077;41.81666;-1;1;Autocarro inferiore 35 q.;In marcia / fermata / arresto;Passeggero;M;Illeso;0;;Utilizzato;Inesploso
2592350;12;23/11/2015 14:10;Strada Urbana;VIALE CESARE PAVESE;in prossimità;;del civico n.;319;;Scontro laterale fra veicoli in marcia;Rettilineo;Due carreggiate;Bagnato (pioggia);Asfaltata;Verticale ed orizzontale;Pioggia in atto;Normale;Buona;Ore Diurne;1;0;0;3;12.47077;41.81666;-1;2;Motociclo con passeggero;In marcia / fermata / arresto;Conducente;M;Rimandato;0;NON DECEDUTO;Utilizzato;
2592350;12;23/11/2015 14:10;Strada Urbana;VIALE CESARE PAVESE;in prossimità;;del civico n.;319;;Scontro laterale fra veicoli in marcia;Rettilineo;Due carreggiate;Bagnato (pioggia);Asfaltata;Verticale ed orizzontale;Pioggia in atto;Normale;Buona;Ore Diurne;1;0;0;3;12.47077;41.81666;-1;2;Motociclo con passeggero;In marcia / fermata / arresto;Passeggero;M;Illeso;0;;Utilizzato;
2592353;12;21/11/2015 11:00;Strada Urbana;VIA DI CASTEL DI LEVA;da specificare;;;;fronte civico 298;Scontro frontale/laterale SX fra veicoli in marcia;Rettilineo;Una carreggiata a doppio senso;Bagnato (pioggia);Asfaltata;Verticale ed orizzontale;Nuvoloso;Normale;Buona;Ore Diurne;1;0;0;1;12.52161;41.78534;-1;1;Autovettura privata;In marcia / fermata / arresto;Conducente;F;Illeso;0;;;
2592353;12;21/11/2015 11:00;Strada Urbana;VIA DI CASTEL DI LEVA;da specificare;;;;fronte civico 298;Scontro frontale/laterale SX fra veicoli in marcia;Rettilineo;Una carreggiata a doppio senso;Bagnato (pioggia);Asfaltata;Verticale ed orizzontale;Nuvoloso;Normale;Buona;Ore Diurne;1;0;0;1;12.52161;41.78534;-1;2;Quadriciclo leggero;In marcia / fermata / arresto;Conducente;F;Rimandato;0;NON DECEDUTO;Utilizzato;Inesploso
2592375;16;23/11/2015 09:00;Strada Urbana;VIA AURELIA ANTICA;in corrispondenza;;del civico n.;132;;Tamponamento;Rettilineo;Una carreggiata a doppio senso;Asciutto;Asfaltata;Orizzontale;Sereno;Normale;Buona;Ore Diurne;0;0;0;2;12.44931;41.88893;-1;1;Autovettura privata;In marcia / fermata / arresto;Conducente;M;Illeso;0;;Non accertato;Inesploso
2592375;16;23/11/2015 09:00;Strada Urbana;VIA AURELIA ANTICA;in corrispondenza;;del civico n.;132;;Tamponamento;Rettilineo;Una carreggiata a doppio senso;Asciutto;Asfaltata;Orizzontale;Sereno;Normale;Buona;Ore Diurne;0;0;0;2;12.44931;41.88893;-1;2;Motociclo a solo;In marcia / fermata / arresto;Conducente;M;Illeso;0;;Non accertato;
2592393;10;23/11/2015 15:50;Strada Urbana;VIA ANAGNINA;da specificare;;;;fronte civico 259;Tamponamento;Curva a visuale libera;Più di due carreggiate;Bagnato (pioggia);Asfaltata;Verticale ed orizzontale;Pioggia in atto;Normale;Buona;Ore Diurne;1;0;0;2;12.60661;41.82273;-1;1;Autovettura privata;In marcia / fermata / arresto;Conducente;F;Rifiuta cure immediate;0;NON DECEDUTO;Non accertato;Inesploso
2592393;10;23/11/2015 15:50;Strada Urbana;VIA ANAGNINA;da specificare;;;;fronte civico 259;Tamponamento;Curva a visuale libera;Più di due carreggiate;Bagnato (pioggia);Asfaltata;Verticale ed orizzontale;Pioggia in atto;Normale;Buona;Ore Diurne;1;0;0;2;12.60661;41.82273;-1;2;Autovettura privata;In marcia / fermata / arresto;Conducente;F;Illeso;0;;Non accertato;Inesploso
2592393;10;23/11/2015 15:50;Strada Urbana;VIA ANAGNINA;da specificare;;;;fronte civico 259;Tamponamento;Curva a visuale libera;Più di due carreggiate;Bagnato (pioggia);Asfaltata;Verticale ed orizzontale;Pioggia in atto;Normale;Buona;Ore Diurne;1;0;0;2;12.60661;41.82273;-1;2;Autovettura privata;In marcia / fermata / arresto;Passeggero;F;Illeso;0;;Non accertato;Inesploso
2592394;9;23/11/2015 12:50;Strada Urbana;VIA GINO CAPPONI;all'intersezione con;PIAZZA LAZZARO PAPI;PIAZZA LAZZARO PAPI;;;Scontro frontale/laterale SX fra veicoli in marcia;Incrocio;Una carreggiata a senso unico di marcia;Bagnato (pioggia);Asfaltata;Verticale ed orizzontale;Pioggia in atto;Normale;Buona;Ore Diurne;0;0;0;2;12.51743;41.87295;-1;1;Autocarro inferiore 35 q.;In marcia / fermata / arresto;Conducente;M;Illeso;0;;Non accertato;Inesploso
2592394;9;23/11/2015 12:50;Strada Urbana;VIA GINO CAPPONI;all'intersezione con;PIAZZA LAZZARO PAPI;PIAZZA LAZZARO PAPI;;;Scontro frontale/laterale SX fra veicoli in marcia;Incrocio;Una carreggiata a senso unico di marcia;Bagnato (pioggia);Asfaltata;Verticale ed orizzontale;Pioggia in atto;Normale;Buona;Ore Diurne;0;0;0;2;12.51743;41.87295;-1;2;Autovettura privata;In marcia / fermata / arresto;Conducente;M;Illeso;0;;Non accertato;Inesploso
2592427;12;21/11/2015 19:15;Strada Urbana;VIA DEL PONTE DI PISCINA CUPA;in corrispondenza;;del civico n.;33;;Veicolo in marcia contro ostacolo accidentale;Rettilineo;Una carreggiata a doppio senso;Asciutto;Asfaltata;Verticale ed orizzontale;Sereno;Normale;Sufficiente;Sufficiente;0;0;0;1;12.44884;41.71929;-1;1;Autovettura privata;In marcia / fermata / arresto;Conducente;F;Illeso;0;;Utilizzato;Inesploso
2592437;12;23/11/2015 14:30;Strada Urbana;VIA ELIO CHIANESI;in prossimità;;del civico n.;49;;Scontro frontale/laterale SX fra veicoli in marcia;Curva senza visuale libera;Una carreggiata a doppio senso;Bagnato (pioggia);Asfaltata;Verticale ed orizzontale;Nuvoloso;Normale;Buona;Ore Diurne;0;0;0;3;12.44795;41.80269;-1;1;Autovettura privata;In marcia / fermata / arresto;Conducente;F;Illeso;0;;Utilizzato;Inesploso
2592437;12;23/11/2015 14:30;Strada Urbana;VIA ELIO CHIANESI;in prossimità;;del civico n.;49;;Scontro frontale/laterale SX fra veicoli in marcia;Curva senza visuale libera;Una carreggiata a doppio senso;Bagnato (pioggia);Asfaltata;Verticale ed orizzontale;Nuvoloso;Normale;Buona;Ore Diurne;0;0;0;3;12.44795;41.80269;-1;2;Autovettura privata;In marcia / fermata / arresto;Conducente;F;Illeso;0;;Utilizzato;Inesploso
2592437;12;23/11/2015 14:30;Strada Urbana;VIA ELIO CHIANESI;in prossimità;;del civico n.;49;;Scontro frontale/laterale SX fra veicoli in marcia;Curva senza visuale libera;Una carreggiata a doppio senso;Bagnato (pioggia);Asfaltata;Verticale ed orizzontale;Nuvoloso;Normale;Buona;Ore Diurne;0;0;0;3;12.44795;41.80269;-1;2;Autovettura privata;In marcia / fermata / arresto;Passeggero;M;Illeso;0;;Utilizzato;Inesploso
2592449;12;22/11/2015 12:45;Regionale;VIA PONTINA;da specificare;;;;in corrispondenza km 18.000 dir. Roma centro;Veicolo in marcia contro ostacolo accidentale;Rettilineo;Una carreggiata a senso unico di marcia;Asciutto;Asfaltata;Verticale ed orizzontale;Sereno;Normale;Buona;Ore Diurne;0;0;0;4;12.45138;41.79059;-1;1;Autovettura privata;In marcia / fermata / arresto;Conducente;M;Illeso;0;;Utilizzato;Inesploso
2592449;12;22/11/2015 12:45;Regionale;VIA PONTINA;da specificare;;;;in corrispondenza km 18.000 dir. Roma centro;Veicolo in marcia contro ostacolo accidentale;Rettilineo;Una carreggiata a senso unico di marcia;Asciutto;Asfaltata;Verticale ed orizzontale;Sereno;Normale;Buona;Ore Diurne;0;0;0;4;12.45138;41.79059;-1;1;Autovettura privata;In marcia / fermata / arresto;Passeggero;F;Illeso;0;;Utilizzato;Inesploso
2592449;12;22/11/2015 12:45;Regionale;VIA PONTINA;da specificare;;;;in corrispondenza km 18.000 dir. Roma centro;Veicolo in marcia contro ostacolo accidentale;Rettilineo;Una carreggiata a senso unico di marcia;Asciutto;Asfaltata;Verticale ed orizzontale;Sereno;Normale;Buona;Ore Diurne;0;0;0;4;12.45138;41.79059;-1;1;Autovettura privata;In marcia / fermata / arresto;Passeggero;M;Illeso;0;;Utilizzato;Inesploso
2592449;12;22/11/2015 12:45;Regionale;VIA PONTINA;da specificare;;;;in corrispondenza km 18.000 dir. Roma centro;Veicolo in marcia contro ostacolo accidentale;Rettilineo;Una carreggiata a senso unico di marcia;Asciutto;Asfaltata;Verticale ed orizzontale;Sereno;Normale;Buona;Ore Diurne;0;0;0;4;12.45138;41.79059;-1;1;Autovettura privata;In marcia / fermata / arresto;Passeggero;M;Illeso;0;;Utilizzato;Inesploso
2592450;2;23/11/2015 11:50;Strada Urbana;VIA SALARIA;in prossimità;;del civico n.;fr.403;;Tamponamento Multiplo;Pendenza;Una carreggiata a doppio senso;Bagnato (pioggia);Asfaltata;Verticale ed orizzontale;Pioggia in atto;Normale;Buona;Ore Diurne;2;0;0;3;12.50743;41.9286;-1;1;Autovettura privata;In marcia / fermata / arresto;Conducente;M;Illeso;0;;Non accertato;Inesploso
2592450;2;23/11/2015 11:50;Strada Urbana;VIA SALARIA;in prossimità;;del civico n.;fr.403;;Tamponamento Multiplo;Pendenza;Una carreggiata a doppio senso;Bagnato (pioggia);Asfaltata;Verticale ed orizzontale;Pioggia in atto;Normale;Buona;Ore Diurne;2;0;0;3;12.50743;41.9286;-1;2;Autovettura privata;In marcia / fermata / arresto;Conducente;F;Illeso;0;;Non accertato;Inesploso
2592450;2;23/11/2015 11:50;Strada Urbana;VIA SALARIA;in prossimità;;del civico n.;fr.403;;Tamponamento Multiplo;Pendenza;Una carreggiata a doppio senso;Bagnato (pioggia);Asfaltata;Verticale ed orizzontale;Pioggia in atto;Normale;Buona;Ore Diurne;2;0;0;3;12.50743;41.9286;-1;2;Autovettura privata;In marcia / fermata / arresto;Passeggero;F;Illeso;0;;Non accertato;Inesploso
2592450;2;23/11/2015 11:50;Strada Urbana;VIA SALARIA;in prossimità;;del civico n.;fr.403;;Tamponamento Multiplo;Pendenza;Una carreggiata a doppio senso;Bagnato (pioggia);Asfaltata;Verticale ed orizzontale;Pioggia in atto;Normale;Buona;Ore Diurne;2;0;0;3;12.50743;41.9286;-1;3;Autovettura di polizia;In marcia / fermata / arresto;Conducente;M;Rimandato;0;NON DECEDUTO;Non accertato;Inesploso
2592450;2;23/11/2015 11:50;Strada Urbana;VIA SALARIA;in prossimità;;del civico n.;fr.403;;Tamponamento Multiplo;Pendenza;Una carreggiata a doppio senso;Bagnato (pioggia);Asfaltata;Verticale ed orizzontale;Pioggia in atto;Normale;Buona;Ore Diurne;2;0;0;3;12.50743;41.9286;-1;4;Autovettura privata;In marcia / fermata / arresto;Conducente;M;Rimandato;0;NON DECEDUTO;Non accertato;Inesploso
2592482;15;23/11/2015 08:20;Strada Urbana;PIAZZA FILIPPO ANDREA DORIA PAMPHILI;all'intersezione con;VIA ERCOLE BOMBELLI;VIA ERCOLE BOMBELLI;;;Scontro laterale fra veicoli in marcia;Rotatoria;Una carreggiata a doppio senso;Asciutto;Asfaltata;Verticale ed orizzontale;Nuvoloso;Normale;Buona;Ore Diurne;0;0;0;5;12.45349;41.86036;-1;1;Autovettura privata;In marcia / fermata / arresto;Conducente;M;Illeso;0;;;
2592482;15;23/11/2015 08:20;Strada Urbana;PIAZZA FILIPPO ANDREA DORIA PAMPHILI;all'intersezione con;VIA ERCOLE BOMBELLI;VIA ERCOLE BOMBELLI;;;Scontro laterale fra veicoli in marcia;Rotatoria;Una carreggiata a doppio senso;Asciutto;Asfaltata;Verticale ed orizzontale;Nuvoloso;Normale;Buona;Ore Diurne;0;0;0;5;12.45349;41.86036;-1;1;Autovettura privata;In marcia / fermata / arresto;Passeggero;M;Illeso;0;;;
2592482;15;23/11/2015 08:20;Strada Urbana;PIAZZA FILIPPO ANDREA DORIA PAMPHILI;all'intersezione con;VIA ERCOLE BOMBELLI;VIA ERCOLE BOMBELLI;;;Scontro laterale fra veicoli in marcia;Rotatoria;Una carreggiata a doppio senso;Asciutto;Asfaltata;Verticale ed orizzontale;Nuvoloso;Normale;Buona;Ore Diurne;0;0;0;5;12.45349;41.86036;-1;1;Autovettura privata;In marcia / fermata / arresto;Passeggero;M;Illeso;0;;;
2592482;15;23/11/2015 08:20;Strada Urbana;PIAZZA FILIPPO ANDREA DORIA PAMPHILI;all'intersezione con;VIA ERCOLE BOMBELLI;VIA ERCOLE BOMBELLI;;;Scontro laterale fra veicoli in marcia;Rotatoria;Una carreggiata a doppio senso;Asciutto;Asfaltata;Verticale ed orizzontale;Nuvoloso;Normale;Buona;Ore Diurne;0;0;0;5;12.45349;41.86036;-1;2;Autovettura privata;In marcia / fermata / arresto;Conducente;F;Illeso;0;;;
2592482;15;23/11/2015 08:20;Strada Urbana;PIAZZA FILIPPO ANDREA DORIA PAMPHILI;all'intersezione con;VIA ERCOLE BOMBELLI;VIA ERCOLE BOMBELLI;;;Scontro laterale fra veicoli in marcia;Rotatoria;Una carreggiata a doppio senso;Asciutto;Asfaltata;Verticale ed orizzontale;Nuvoloso;Normale;Buona;Ore Diurne;0;0;0;5;12.45349;41.86036;-1;2;Autovettura privata;In marcia / fermata / arresto;Passeggero;M;Illeso;0;;;
2592524;9;23/11/2015 14:25;Strada Urbana;VIA FRASCATI;da specificare;;;;in prossimità di Via Demetriade;Infortunio per caduta del veicolo;Rettilineo;Una carreggiata a senso unico di marcia;Bagnato (pioggia);Asfaltata;Assente;Pioggia in atto;Normale;Buona;Ore Diurne;1;0;0;0;12.54194;41.86503;-1;1;Ciclomotore;In marcia / fermata / arresto;Conducente;F;Rimandato;0;NON DECEDUTO;Non accertato;
2592526;15;23/11/2015 12:30;Strada Urbana;VIA LUIGI ERCOLE MORSELLI;in prossimità;;del civico n.;17;;Scontro frontale/laterale DX fra veicoli in marcia;Rettilineo;Una carreggiata a doppio senso;Asciutto;Asfaltata;Orizzontale;Sereno;Normale;Sufficiente;Ore Diurne;0;0;0;3;12.41668;41.93399;-1;1;Autovettura privata;In marcia / fermata / arresto;Conducente;M;Illeso;0;;Utilizzato;
2592526;15;23/11/2015 12:30;Strada Urbana;VIA LUIGI ERCOLE MORSELLI;in prossimità;;del civico n.;17;;Scontro frontale/laterale DX fra veicoli in marcia;Rettilineo;Una carreggiata a doppio senso;Asciutto;Asfaltata;Orizzontale;Sereno;Normale;Sufficiente;Ore Diurne;0;0;0;3;12.41668;41.93399;-1;1;Autovettura privata;In marcia / fermata / arresto;Passeggero;F;Illeso;0;;Utilizzato;Inesploso
2592526;15;23/11/2015 12:30;Strada Urbana;VIA LUIGI ERCOLE MORSELLI;in prossimità;;del civico n.;17;;Scontro frontale/laterale DX fra veicoli in marcia;Rettilineo;Una carreggiata a doppio senso;Asciutto;Asfaltata;Orizzontale;Sereno;Normale;Sufficiente;Ore Diurne;0;0;0;3;12.41668;41.93399;-1;2;Autovettura privata;In marcia / fermata / arresto;Conducente;F;Illeso;0;;Utilizzato;
2592542;15;23/11/2015 12:40;Strada Urbana;VIA GIANNETTO VALLI;in corrispondenza;;del civico n.;95;;Infortunio per sola frenata improvvisa;Curva a visuale libera;Due carreggiate;Bagnato (pioggia);Asfaltata;Verticale ed orizzontale;Pioggia in atto;Normale;Buona;Ore Diurne;0;0;0;2;12.45319;41.85347;-1;1;Motociclo a solo;In marcia / fermata / arresto;Conducente;M;Illeso;0;;Utilizzato;
2592542;15;23/11/2015 12:40;Strada Urbana;VIA GIANNETTO VALLI;in corrispondenza;;del civico n.;95;;Infortunio per sola frenata improvvisa;Curva a visuale libera;Due carreggiate;Bagnato (pioggia);Asfaltata;Verticale ed orizzontale;Pioggia in atto;Normale;Buona;Ore Diurne;0;0;0;2;12.45319;41.85347;-1;2;Autovettura privata;In marcia / fermata / arresto;Conducente;F;Illeso;0;;Utilizzato;
2592556;20;23/11/2015 17:24;Regionale entro l'abitato;VIA FLAMINIA;in corrispondenza;;del civico n.;635;;Investimento di pedone;Rettilineo;Una carreggiata a doppio senso;Bagnato (pioggia);Asfaltata;Verticale ed orizzontale;Nuvoloso;Normale;Sufficiente;Sufficiente;0;0;0;2;12.47268;41.94539;-1;;;;Pedone;M;Illeso;0;;;
2592556;20;23/11/2015 17:24;Regionale entro l'abitato;VIA FLAMINIA;in corrispondenza;;del civico n.;635;;Investimento di pedone;Rettilineo;Una carreggiata a doppio senso;Bagnato (pioggia);Asfaltata;Verticale ed orizzontale;Nuvoloso;Normale;Sufficiente;Sufficiente;0;0;0;2;12.47268;41.94539;-1;1;Motociclo a solo;In marcia / fermata / arresto;Conducente;F;Illeso;0;;Non accertato;
2592563;12;23/11/2015 16:40;Strada Urbana;VIA ALVARO DEL PORTILLO;in prossimità;;del palo luce n.;69;;Scontro frontale/laterale SX fra veicoli in marcia;Curva a visuale libera;Una carreggiata a doppio senso;Bagnato (pioggia);Asfaltata;Verticale ed orizzontale;Pioggia in atto;Normale;Buona;Ore Diurne;1;0;0;1;12.47293;41.77961;-1;1;Autovettura privata;In marcia / fermata / arresto;Conducente;F;Illeso;0;;Utilizzato;Inesploso
2592563;12;23/11/2015 16:40;Strada Urbana;VIA ALVARO DEL PORTILLO;in prossimità;;del palo luce n.;69;;Scontro frontale/laterale SX fra veicoli in marcia;Curva a visuale libera;Una carreggiata a doppio senso;Bagnato (pioggia);Asfaltata;Verticale ed orizzontale;Pioggia in atto;Normale;Buona;Ore Diurne;1;0;0;1;12.47293;41.77961;-1;2;Autocarro inferiore 35 q.;In marcia / fermata / arresto;Conducente;M;Rimandato;0;NON DECEDUTO;Utilizzato;Inesploso
2592599;19;23/11/2015 18:10;Strada Urbana;VIA MATTIA BATTISTINI;all'intersezione con;VIA ADELINA PATTI;VIA ADELINA PATTI;;;Scontro laterale fra veicoli in marcia;Incrocio;Una carreggiata a doppio senso;Bagnato (pioggia);Asfaltata;Orizzontale;Pioggia in atto;Normale;Buona;Sufficiente;0;0;0;2;12.41847;41.91379;-1;1;Autovettura privata;In marcia / fermata / arresto;Conducente;M;Illeso;0;;Non accertato;Inesploso
2592599;19;23/11/2015 18:10;Strada Urbana;VIA MATTIA BATTISTINI;all'intersezione con;VIA ADELINA PATTI;VIA ADELINA PATTI;;;Scontro laterale fra veicoli in marcia;Incrocio;Una carreggiata a doppio senso;Bagnato (pioggia);Asfaltata;Orizzontale;Pioggia in atto;Normale;Buona;Sufficiente;0;0;0;2;12.41847;41.91379;-1;2;Autovettura privata;In marcia / fermata / arresto;Conducente;F;Illeso;0;;Non accertato;Inesploso
2592621;13;23/11/2015 13:00;Strada Urbana;VIA GIUSEPPE FIORELLI;all'intersezione con;VIA ANTONIO TARAMELLI;VIA ANTONIO TARAMELLI;;;Scontro frontale/laterale SX fra veicoli in marcia;Incrocio;Una carreggiata a doppio senso;Bagnato (umidità in atto);Asfaltata;Verticale;Nuvoloso;Scarso;Buona;Ore Diurne;1;0;0;2;12.31111;41.77046;-1;1;Autovettura privata;In marcia / fermata / arresto;Conducente;M;Illeso;0;;Non accertato;Inesploso
2592621;13;23/11/2015 13:00;Strada Urbana;VIA GIUSEPPE FIORELLI;all'intersezione con;VIA ANTONIO TARAMELLI;VIA ANTONIO TARAMELLI;;;Scontro frontale/laterale SX fra veicoli in marcia;Incrocio;Una carreggiata a doppio senso;Bagnato (umidità in atto);Asfaltata;Verticale;Nuvoloso;Scarso;Buona;Ore Diurne;1;0;0;2;12.31111;41.77046;-1;1;Autovettura privata;In marcia / fermata / arresto;Passeggero;F;Illeso;0;;Non accertato;Inesploso
2592621;13;23/11/2015 13:00;Strada Urbana;VIA GIUSEPPE FIORELLI;all'intersezione con;VIA ANTONIO TARAMELLI;VIA ANTONIO TARAMELLI;;;Scontro frontale/laterale SX fra veicoli in marcia;Incrocio;Una carreggiata a doppio senso;Bagnato (umidità in atto);Asfaltata;Verticale;Nuvoloso;Scarso;Buona;Ore Diurne;1;0;0;2;12.31111;41.77046;-1;2;Autovettura privata;In marcia / fermata / arresto;Conducente;F;Rimandato;0;NON DECEDUTO;Non accertato;Inesploso
2592623;2;23/11/2015 18:15;Strada Urbana;VIALE BRUNO BUOZZI;all'intersezione con;VIA DEI MONTI PARIOLI;VIA DEI MONTI PARIOLI;;;Ribaltamento senza urto contro ostacolo fisso;Incrocio;Una carreggiata a doppio senso;Bagnato (pioggia);Asfaltata;Verticale ed orizzontale;Pioggia in atto;Normale;Buona;Ore Diurne;1;0;0;1;12.47786;41.91899;-1;1;Motociclo a solo;In marcia / fermata / arresto;Conducente;M;Rimandato;0;NON DECEDUTO;Non accertato;
2592623;2;23/11/2015 18:15;Strada Urbana;VIALE BRUNO BUOZZI;all'intersezione con;VIA DEI MONTI PARIOLI;VIA DEI MONTI PARIOLI;;;Ribaltamento senza urto contro ostacolo fisso;Incrocio;Una carreggiata a doppio senso;Bagnato (pioggia);Asfaltata;Verticale ed orizzontale;Pioggia in atto;Normale;Buona;Ore Diurne;1;0;0;1;12.47786;41.91899;-1;2;Autovettura privata;In marcia / fermata / arresto;Conducente;M;Illeso;0;;Non accertato;Inesploso
2592786;15;23/11/2015 16:20;Strada Urbana;VIA ANTONIO PACINOTTI;in prossimità;;del civico n.;18;;Tamponamento;Rettilineo;Una carreggiata a doppio senso;Bagnato (umidità in atto);Asfaltata;Verticale ed orizzontale;Nuvoloso;Normale;Buona;Ore Diurne;0;0;0;3;12.46772;41.871;-1;1;Quadriciclo leggero;In marcia / fermata / arresto;Conducente;F;Illeso;0;;Utilizzato;Inesploso
2592786;15;23/11/2015 16:20;Strada Urbana;VIA ANTONIO PACINOTTI;in prossimità;;del civico n.;18;;Tamponamento;Rettilineo;Una carreggiata a doppio senso;Bagnato (umidità in atto);Asfaltata;Verticale ed orizzontale;Nuvoloso;Normale;Buona;Ore Diurne;0;0;0;3;12.46772;41.871;-1;1;Quadriciclo leggero;In marcia / fermata / arresto;Passeggero;F;Illeso;0;;Utilizzato;Inesploso
2592786;15;23/11/2015 16:20;Strada Urbana;VIA ANTONIO PACINOTTI;in prossimità;;del civico n.;18;;Tamponamento;Rettilineo;Una carreggiata a doppio senso;Bagnato (umidità in atto);Asfaltata;Verticale ed orizzontale;Nuvoloso;Normale;Buona;Ore Diurne;0;0;0;3;12.46772;41.871;-1;2;Autovettura privata;In marcia / fermata / arresto;Conducente;M;Illeso;0;;Utilizzato;Inesploso