Protocollo;Gruppo;DataOraIncidente;Localizzazione1;STRADA1;Localizzazione2;STRADA2;Strada02;Chilometrica;DaSpecificare;NaturaIncidente;particolaritastrade;TipoStrada;FondoStradale;Pavimentazione;Segnaletica;CondizioneAtmosferica;Traffico;Visibilita;Illuminazione;NUM_FERITI;NUM_RISERVATA;NUM_MORTI;NUM_ILLESI;Longitudine;Latitudine;Confermato;Progressivo;TipoVeicolo;StatoVeicolo;TipoPersona;Sesso;Tipolesione;Deceduto;DecedutoDopo;CinturaCascoUtilizzato;Airbag
2597970;10;27/11/2015 14:50;Strada Urbana;VIA DELLE CAPANNELLE;da specificare;;;;alt. diramazione di via delle Capannelle 134;Scontro frontale/laterale DX fra veicoli in marcia;Rettilineo;Una carreggiata a doppio senso;Asciutto;Asfaltata;Orizzontale;Nuvoloso;Normale;Buona;Ore Diurne;0;0;0;2;12.5713;41.83524;-1;2;Autocarro inferiore 35 q.;In marcia / fermata / arresto;Conducente;M;Illeso;0;;Non accertato;Inesploso
2597975;13;27/11/2015 02:00;Strada Urbana;VIA DI PIANA BELLA;da specificare;;;;altezza cimitero;Veicolo in marcia contro ostacolo fisso;Curva a visuale libera;Una carreggiata a doppio senso;Asciutto;Sterrata;Assente;Sereno;Scarso;Sufficiente;Insufficiente;2;1;0;0;12.30368;41.74744;-1;1;Autovettura privata;In marcia / fermata / arresto;Conducente;M;Rimandato;0;NON DECEDUTO;Non accertato;Esploso
2597975;13;27/11/2015 02:00;Strada Urbana;VIA DI PIANA BELLA;da specificare;;;;altezza cimitero;Veicolo in marcia contro ostacolo fisso;Curva a visuale libera;Una carreggiata a doppio senso;Asciutto;Sterrata;Assente;Sereno;Scarso;Sufficiente;Insufficiente;2;1;0;0;12.30368;41.74744;-1;1;Autovettura privata;In marcia / fermata / arresto;Passeggero;M;Rimandato;0;NON DECEDUTO;Non accertato;Inesploso
2597975;13;27/11/2015 02:00;Strada Urbana;VIA DI PIANA BELLA;da specificare;;;;altezza cimitero;Veicolo in marcia contro ostacolo fisso;Curva a visuale libera;Una carreggiata a doppio senso;Asciutto;Sterrata;Assente;Sereno;Scarso;Sufficiente;Insufficiente;2;1;0;0;12.30368;41.74744;-1;1;Autovettura privata;In marcia / fermata / arresto;Passeggero;F;Prognosi riservata;0;NON DECEDUTO;Non accertato;
2597991;1;24/11/2015 16:00;Strada Urbana;CAMPO DE' FIORI;in prossimità;;del civico n.;27;;Veicolo in marcia contro ostacolo fisso;Rettilineo;Una carreggiata a senso unico di marcia;Asciutto;In cubetti di porfido;Verticale;Sereno;Scarso;Buona;Ore Diurne;0;0;0;1;9.644;45.397;-1;1;Autovettura privata;In marcia / fermata / arresto;Conducente;M;Illeso;0;;Non accertato;Inesploso
2598010;1;24/11/2015 12:00;Strada Urbana;CORSO DEL RINASCIMENTO;in corrispondenza;;del civico n.;101;;Investimento di pedone;Rettilineo;Una carreggiata a doppio senso;Asciutto;Acciotolata;Verticale ed orizzontale;Sereno;Scarso;Buona;Ore Diurne;1;0;0;1;12.47368;41.90004;-1;;;;Pedone;M;Rimandato;0;NON DECEDUTO;;
2598010;1;24/11/2015 12:00;Strada Urbana;CORSO DEL RINASCIMENTO;in corrispondenza;;del civico n.;101;;Investimento di pedone;Rettilineo;Una carreggiata a doppio senso;Asciutto;Acciotolata;Verticale ed orizzontale;Sereno;Scarso;Buona;Ore Diurne;1;0;0;1;12.47368;41.90004;-1;1;Motociclo a solo;In marcia / fermata / arresto;Conducente;M;Illeso;0;;;
2598033;1;25/11/2015 20:50;Strada Urbana;LUNGOTEVERE RAFFAELLO SANZIO;all'intersezione con;VIA COLOMBA ANTONIETTI;VIA COLOMBA ANTONIETTI;;;Investimento di pedone;Incrocio;Una carreggiata a senso unico di marcia;Bagnato (pioggia);Asfaltata;Verticale ed orizzontale;Nuvoloso;Normale;Buona;Sufficiente;3;0;0;1;12.47209;41.89077;-1;;;;Pedone;F;Rimandato;0;NON DECEDUTO;;
2598033;1;25/11/2015 20:50;Strada Urbana;LUNGOTEVERE RAFFAELLO SANZIO;all'intersezione con;VIA COLOMBA ANTONIETTI;VIA COLOMBA ANTONIETTI;;;Investimento di pedone;Incrocio;Una carreggiata a senso unico di marcia;Bagnato (pioggia);Asfaltata;Verticale ed orizzontale;Nuvoloso;Normale;Buona;Sufficiente;3;0;0;1;12.47209;41.89077;-1;;;;Pedone;F;Rimandato;0;NON DECEDUTO;;
2598033;1;25/11/2015 20:50;Strada Urbana;LUNGOTEVERE RAFFAELLO SANZIO;all'intersezione con;VIA COLOMBA ANTONIETTI;VIA COLOMBA ANTONIETTI;;;Investimento di pedone;Incrocio;Una carreggiata a senso unico di marcia;Bagnato (pioggia);Asfaltata;Verticale ed orizzontale;Nuvoloso;Normale;Buona;Sufficiente;3;0;0;1;12.47209;41.89077;-1;;;;Pedone;M;Rimandato;0;NON DECEDUTO;;
2598033;1;25/11/2015 20:50;Strada Urbana;LUNGOTEVERE RAFFAELLO SANZIO;all'intersezione con;VIA COLOMBA ANTONIETTI;VIA COLOMBA ANTONIETTI;;;Investimento di pedone;Incrocio;Una carreggiata a senso unico di marcia;Bagnato (pioggia);Asfaltata;Verticale ed orizzontale;Nuvoloso;Normale;Buona;Sufficiente;3;0;0;1;12.47209;41.89077;-1;1;Autovettura privata;In marcia / fermata / arresto;Conducente;M;Illeso;0;;;
2598052;1;26/11/2015 19:00;Strada Urbana;VIALE DELLE TERME DI CARACALLA;in corrispondenza;;del palo luce n.;22;;Scontro frontale/laterale SX fra veicoli in marcia;Rettilineo;Una carreggiata a doppio senso;Asciutto;Asfaltata;Verticale ed orizzontale;Sereno;Intenso;Sufficiente;Sufficiente;1;0;0;1;12.49516;41.87849;-1;1;Autovettura privata;In marcia / fermata / arresto;Conducente;M;Illeso;0;;;
2598052;1;26/11/2015 19:00;Strada Urbana;VIALE DELLE TERME DI CARACALLA;in corrispondenza;;del palo luce n.;22;;Scontro frontale/laterale SX fra veicoli in marcia;Rettilineo;Una carreggiata a doppio senso;Asciutto;Asfaltata;Verticale ed orizzontale;Sereno;Intenso;Sufficiente;Sufficiente;1;0;0;1;12.49516;41.87849;-1;2;Motociclo a solo;In marcia / fermata / arresto;Conducente;M;Rimandato;0;NON DECEDUTO;;
2598063;1;25/11/2015 20:10;Strada Urbana;VIA DEL BABUINO;all'intersezione con;VIA DELLA FONTANELLA;VIA DELLA FONTANELLA;;;Investimento di pedone;Incrocio;Una carreggiata a senso unico di marcia;Bagnato (pioggia);Acciotolata;Verticale ed orizzontale;Pioggia in atto;Normale;Buona;Sufficiente;0;0;0;2;12.47787;41.90935;-1;;;;Pedone;M;Illeso;0;;;
2598063;1;25/11/2015 20:10;Strada Urbana;VIA DEL BABUINO;all'intersezione con;VIA DELLA FONTANELLA;VIA DELLA FONTANELLA;;;Investimento di pedone;Incrocio;Una carreggiata a senso unico di marcia;Bagnato (pioggia);Acciotolata;Verticale ed orizzontale;Pioggia in atto;Normale;Buona;Sufficiente;0;0;0;2;12.47787;41.90935;-1;1;Autovettura pubblica;In marcia / fermata / arresto;Conducente;M;Illeso;0;;;
2598104;12;25/11/2015 21:10;Strada Urbana;VIA DI MEZZOCAMMINO;all'intersezione con;VIA FILIPPO RAGUZZINI;VIA FILIPPO RAGUZZINI;;;Scontro frontale/laterale DX fra veicoli in marcia;Intersezione stradale segnalata;Una carreggiata a doppio senso;Bagnato (pioggia);Asfaltata;Verticale ed orizzontale;Pioggia in atto;Scarso;Buona;Sufficiente;0;0;0;3;12.43536;41.78812;-1;1;Autovettura privata;In marcia / fermata / arresto;Conducente;F;Illeso;0;;Utilizzato;Inesploso
2598104;12;25/11/2015 21:10;Strada Urbana;VIA DI MEZZOCAMMINO;all'intersezione con;VIA FILIPPO RAGUZZINI;VIA FILIPPO RAGUZZINI;;;Scontro frontale/laterale DX fra veicoli in marcia;Intersezione stradale segnalata;Una carreggiata a doppio senso;Bagnato (pioggia);Asfaltata;Verticale ed orizzontale;Pioggia in atto;Scarso;Buona;Sufficiente;0;0;0;3;12.43536;41.78812;-1;2;Autovettura privata;In marcia / fermata / arresto;Conducente;F;Illeso;0;;Utilizzato;Esploso
2598104;12;25/11/2015 21:10;Strada Urbana;VIA DI MEZZOCAMMINO;all'intersezione con;VIA FILIPPO RAGUZZINI;VIA FILIPPO RAGUZZINI;;;Scontro frontale/laterale DX fra veicoli in marcia;Intersezione stradale segnalata;Una carreggiata a doppio senso;Bagnato (pioggia);Asfaltata;Verticale ed orizzontale;Pioggia in atto;Scarso;Buona;Sufficiente;0;0;0;3;12.43536;41.78812;-1;2;Autovettura privata;In marcia / fermata / arresto;Passeggero;F;Illeso;0;;Utilizzato;Esploso
2598108;2;27/11/2015 15:15;Strada Urbana;VIA GIUSEPPE MERCALLI;all'intersezione con;VIA RUGGERO BOSCOVICH;VIA RUGGERO BOSCOVICH;;;Scontro frontale/laterale SX fra veicoli in marcia;Incrocio;Una carreggiata a senso unico di marcia;Asciutto;Asfaltata;Verticale ed orizzontale;Nuvoloso;Normale;Buona;Ore Diurne;0;0;0;3;12.48609;41.92365;-1;1;Autovettura privata;In marcia / fermata / arresto;Conducente;M;Illeso;0;;Non accertato;Inesploso
2598108;2;27/11/2015 15:15;Strada Urbana;VIA GIUSEPPE MERCALLI;all'intersezione con;VIA RUGGERO BOSCOVICH;VIA RUGGERO BOSCOVICH;;;Scontro frontale/laterale SX fra veicoli in marcia;Incrocio;Una carreggiata a senso unico di marcia;Asciutto;Asfaltata;Verticale ed orizzontale;Nuvoloso;Normale;Buona;Ore Diurne;0;0;0;3;12.48609;41.92365;-1;2;Autovettura privata;In marcia / fermata / arresto;Conducente;M;Illeso;0;;Non accertato;Inesistente
2598108;2;27/11/2015 15:15;Strada Urbana;VIA GIUSEPPE MERCALLI;all'intersezione con;VIA RUGGERO BOSCOVICH;VIA RUGGERO BOSCOVICH;;;Scontro frontale/laterale SX fra veicoli in marcia;Incrocio;Una carreggiata a senso unico di marcia;Asciutto;Asfaltata;Verticale ed orizzontale;Nuvoloso;Normale;Buona;Ore Diurne;0;0;0;3;12.48609;41.92365;-1;2;Autovettura privata;In marcia / fermata / arresto;Passeggero;M;Illeso;0;;Non accertato;Inesploso
2598110;6;27/11/2015 16:30;Strada Urbana;VIA PRENESTINA;in corrispondenza;;del civico n.;118;;Scontro laterale fra veicoli in marcia;Rettilineo;Più di due carreggiate;Asciutto;Asfaltata;Orizzontale;Nuvoloso;Normale;Buona;Ore Diurne;0;0;0;4;12.53024;41.89159;-1;1;Autovettura privata;In marcia / fermata / arresto;Conducente;M;Illeso;0;;Non accertato;Inesploso
2598110;6;27/11/2015 16:30;Strada Urbana;VIA PRENESTINA;in corrispondenza;;del civico n.;118;;Scontro laterale fra veicoli in marcia;Rettilineo;Più di due carreggiate;Asciutto;Asfaltata;Orizzontale;Nuvoloso;Normale;Buona;Ore Diurne;0;0;0;4;12.53024;41.89159;-1;1;Autovettura privata;In marcia / fermata / arresto;Passeggero;F;Illeso;0;;Non accertato;Inesploso
2598110;6;27/11/2015 16:30;Strada Urbana;VIA PRENESTINA;in corrispondenza;;del civico n.;118;;Scontro laterale fra veicoli in marcia;Rettilineo;Più di due carreggiate;Asciutto;Asfaltata;Orizzontale;Nuvoloso;Normale;Buona;Ore Diurne;0;0;0;4;12.53024;41.89159;-1;2;Autovettura privata;In marcia / fermata / arresto;Conducente;M;Illeso;0;;Non accertato;Inesploso
2598110;6;27/11/2015 16:30;Strada Urbana;VIA PRENESTINA;in corrispondenza;;del civico n.;118;;Scontro laterale fra veicoli in marcia;Rettilineo;Più di due carreggiate;Asciutto;Asfaltata;Orizzontale;Nuvoloso;Normale;Buona;Ore Diurne;0;0;0;4;12.53024;41.89159;-1;2;Autovettura privata;In marcia / fermata / arresto;Passeggero;M;Illeso;0;;Non accertato;Inesistente
2598117;1;26/11/2015 17:40;Strada Urbana;VIA MERULANA;in corrispondenza;;del civico n.;19;;Investimento di pedone;Rettilineo;Una carreggiata a doppio senso;Asciutto;Asfaltata;Verticale ed orizzontale;Nuvoloso;Normale;Sufficiente;Sufficiente;1;0;0;1;12.49975;41.89616;-1;;;;Pedone;F;Ricoverato;0;NON DECEDUTO;;
2598117;1;26/11/2015 17:40;Strada Urbana;VIA MERULANA;in corrispondenza;;del civico n.;19;;Investimento di pedone;Rettilineo;Una carreggiata a doppio senso;Asciutto;Asfaltata;Verticale ed orizzontale;Nuvoloso;Normale;Sufficiente;Sufficiente;1;0;0;1;12.49975;41.89616;-1;1;Autovettura privata;In marcia / fermata / arresto;Conducente;M;Illeso;0;;;
2598124;12;25/11/2015 21:00;Strada Urbana;VIADOTTO DELLA MAGLIANA;da specificare;;;;dir. Fiumicino alt. via del Cappellaccio;Fuoriuscita dalla sede stradale;Curva a visuale libera;Due carreggiate;Bagnato (pioggia);Asfaltata;Verticale;Pioggia in atto;Normale;Buona;Sufficiente;1;0;0;0;12.46024;41.83859;-1;1;Autovettura privata;In marcia / fermata / arresto;Conducente;F;Rimandato;0;NON DECEDUTO;Non accertato;Inesploso
2598134;1;26/11/2015 08:40;Strada Urbana;VIALE GUIDO BACCELLI;in prossimità;;del civico n.;10;;Infortunio per sola frenata improvvisa;Rettilineo;Una carreggiata a doppio senso;Bagnato (umidità in atto);Asfaltata;Verticale ed orizzontale;Nuvoloso;Normale;Buona;Ore Diurne;1;0;0;0;12.49021;41.8822;-1;1;Motociclo a solo;In marcia / fermata / arresto;Conducente;M;Rimandato;0;NON DECEDUTO;Non accertato;
2598150;1;26/11/2015 08:50;Strada Urbana;PIAZZA DI S. CHIARA;da specificare;;;;lato Chiesa;Veicolo in marcia contro ostacolo fisso;Rettilineo;Una carreggiata a senso unico di marcia;Bagnato (umidità in atto);In cubetti di porfido;Verticale ed orizzontale;Pioggia in atto;Normale;Buona;Ore Diurne;0;0;0;1;12.47656;41.89764;-1;1;Autovettura pubblica;In marcia / fermata / arresto;Conducente;M;Illeso;0;;;
2598154;12;27/11/2015 08:50;Strada Urbana;VIALE DEGLI EROI DI CEFALONIA;in prossimità;;del civico n.;107;;Tamponamento;Rettilineo;Una carreggiata a senso unico di marcia;Asciutto;Asfaltata;Verticale ed orizzontale;Sereno;Normale;Buona;Ore Diurne;0;0;0;3;12.43941;41.78032;-1;1;Autovettura privata;In marcia / fermata / arresto;Conducente;M;Illeso;0;;Utilizzato;Inesploso
2598154;12;27/11/2015 08:50;Strada Urbana;VIALE DEGLI EROI DI CEFALONIA;in prossimità;;del civico n.;107;;Tamponamento;Rettilineo;Una carreggiata a senso unico di marcia;Asciutto;Asfaltata;Verticale ed orizzontale;Sereno;Normale;Buona;Ore Diurne;0;0;0;3;12.43941;41.78032;-1;2;Autocarro inferiore 35 q.;In marcia / fermata / arresto;Conducente;F;Illeso;0;;Utilizzato;Inesploso
2598154;12;27/11/2015 08:50;Strada Urbana;VIALE DEGLI EROI DI CEFALONIA;in prossimità;;del civico n.;107;;Tamponamento;Rettilineo;Una carreggiata a senso unico di marcia;Asciutto;Asfaltata;Verticale ed orizzontale;Sereno;Normale;Buona;Ore Diurne;0;0;0;3;12.43941;41.78032;-1;2;Autocarro inferiore 35 q.;In marcia / fermata / arresto;Passeggero;F;Illeso;0;;Utilizzato;Inesploso
2598169;15;27/11/2015 08:15;Strada Urbana;VIA DELLA MAGLIANA;da specificare;;;;INTERSEZIONE RAMPA G.R.A. ANELLO INTERNO;Scontro laterale fra veicoli in marcia;Rettilineo;Una carreggiata a doppio senso;Asciutto;Asfaltata;Verticale ed orizzontale;Nuvoloso;Normale;Sufficiente;Ore Diurne;0;0;0;2;12.38985;41.82249;-1;1;Autovettura privata;In marcia / fermata / arresto;Conducente;F;Illeso;0;;Utilizzato;Inesploso
2598169;15;27/11/2015 08:15;Strada Urbana;VIA DELLA MAGLIANA;da specificare;;;;INTERSEZIONE RAMPA G.R.A. ANELLO INTERNO;Scontro laterale fra veicoli in marcia;Rettilineo;Una carreggiata a doppio senso;Asciutto;Asfaltata;Verticale ed orizzontale;Nuvoloso;Normale;Sufficiente;Ore Diurne;0;0;0;2;12.38985;41.82249;-1;2;Autovettura privata;In marcia / fermata / arresto;Conducente;M;Illeso;0;;Non accertato;Inesploso
2598205;18;26/11/2015 09:30;Strada Urbana;CIRCONVALLAZIONE AURELIA;in prossimità;;del civico n.;62;;Scontro frontale/laterale SX fra veicoli in marcia;Rettilineo;Due carreggiate;Asciutto;Asfaltata;Orizzontale;Nuvoloso;Normale;Buona;Ore Diurne;0;0;0;3;12.42872;41.89611;-1;1;Autovettura privata;In marcia / fermata / arresto;Conducente;F;Illeso;0;;;
2598205;18;26/11/2015 09:30;Strada Urbana;CIRCONVALLAZIONE AURELIA;in prossimità;;del civico n.;62;;Scontro frontale/laterale SX fra veicoli in marcia;Rettilineo;Due carreggiate;Asciutto;Asfaltata;Orizzontale;Nuvoloso;Normale;Buona;Ore Diurne;0;0;0;3;12.42872;41.89611;-1;1;Autovettura privata;In marcia / fermata / arresto;Passeggero;M;Illeso;0;;;
2598205;18;26/11/2015 09:30;Strada Urbana;CIRCONVALLAZIONE AURELIA;in prossimità;;del civico n.;62;;Scontro frontale/laterale SX fra veicoli in marcia;Rettilineo;Due carreggiate;Asciutto;Asfaltata;Orizzontale;Nuvoloso;Normale;Buona;Ore Diurne;0;0;0;3;12.42872;41.89611;-1;2;Autovettura privata;In marcia / fermata / arresto;Conducente;M;Illeso;0;;Non accertato;
2598208;12;27/11/2015 10:30;Strada Urbana;VIA DI TRIGORIA;in prossimità;;del civico n.;73;;Veicolo in marcia contro ostacolo accidentale;Rettilineo;Una carreggiata a doppio senso;Asciutto;Con buche;Verticale ed orizzontale;Sereno;Scarso;Buona;Ore Diurne;0;0;0;1;12.47854;41.76885;-1;1;Motociclo a solo;In marcia / fermata / arresto;Conducente;M;Illeso;0;;Utilizzato;
2598223;12;27/11/2015 09:15;Strada Urbana;VIA WOOLF;da specificare;;;;prossimità via F. Sapori (Palo Acea n. 2);Veicolo in marcia contro ostacolo accidentale;Rettilineo;Una carreggiata a senso unico di marcia;Asciutto;Con buche;Verticale ed orizzontale;Sereno;Scarso;Buona;Ore Diurne;0;0;0;1;12.48309;41.81035;-1;1;Autovettura privata;In marcia / fermata / arresto;Conducente;F;Illeso;0;;Utilizzato;Inesploso
2598230;19;27/11/2015 17:30;Strada Urbana;VIA TRIONFALE;all'intersezione con;VIA GIOVANNI GAETANO BOTTARI;VIA GIOVANNI GAETANO BOTTARI;;;Scontro laterale fra veicoli in marcia;Incrocio;Una carreggiata a doppio senso;Asciutto;Asfaltata;Verticale ed orizzontale;Sereno;Normale;Buona;Sufficiente;0;0;0;2;12.4112;41.96013;-1;1;Autovettura privata;In marcia / fermata / arresto;Conducente;M;Illeso;0;;Non accertato;Inesistente
2598230;19;27/11/2015 17:30;Strada Urbana;VIA TRIONFALE;all'intersezione con;VIA GIOVANNI GAETANO BOTTARI;VIA GIOVANNI GAETANO BOTTARI;;;Scontro laterale fra veicoli in marcia;Incrocio;Una carreggiata a doppio senso;Asciutto;Asfaltata;Verticale ed orizzontale;Sereno;Normale;Buona;Sufficiente;0;0;0;2;12.4112;41.96013;-1;2;Autovettura privata;In marcia / fermata / arresto;Conducente;M;Illeso;0;;Non accertato;Inesploso
2598365;7;27/11/2015 18:30;Statale entro l'abitato;VIA CASILINA;in prossimità;;del palo luce n.;253;;Scontro laterale fra veicoli in marcia;Rettilineo;Due carreggiate;Asciutto;Asfaltata;Verticale ed orizzontale;Nuvoloso;Normale;Sufficiente;Sufficiente;1;0;0;3;12.55826;41.87568;-1;1;Autovettura privata;In marcia / fermata / arresto;Conducente;M;Illeso;0;;;
2598365;7;27/11/2015 18:30;Statale entro l'abitato;VIA CASILINA;in prossimità;;del palo luce n.;253;;Scontro laterale fra veicoli in marcia;Rettilineo;Due carreggiate;Asciutto;Asfaltata;Verticale ed orizzontale;Nuvoloso;Normale;Sufficiente;Sufficiente;1;0;0;3;12.55826;41.87568;-1;1;Autovettura privata;In marcia / fermata / arresto;Passeggero;F;Illeso;0;;Non accertato;Inesploso
2598365;7;27/11/2015 18:30;Statale entro l'abitato;VIA CASILINA;in prossimità;;del palo luce n.;253;;Scontro laterale fra veicoli in marcia;Rettilineo;Due carreggiate;Asciutto;Asfaltata;Verticale ed orizzontale;Nuvoloso;Normale;Sufficiente;Sufficiente;1;0;0;3;12.55826;41.87568;-1;2;Autovettura privata;In marcia / fermata / arresto;Conducente;M;Illeso;0;;;
2598365;7;27/11/2015 18:30;Statale entro l'abitato;VIA CASILINA;in prossimità;;del palo luce n.;253;;Scontro laterale fra veicoli in marcia;Rettilineo;Due carreggiate;Asciutto;Asfaltata;Verticale ed orizzontale;Nuvoloso;Normale;Sufficiente;Sufficiente;1;0;0;3;12.55826;41.87568;-1;3;Motociclo a solo;In marcia / fermata / arresto;Conducente;M;Rimandato;0;NON DECEDUTO;Non accertato;
2598547;6;27/11/2015 18:30;Strada Urbana;PIAZZA DELLA MARRANELLA;all'intersezione semaforizzata con;VIA CASILINA;VIA CASILINA;;;Scontro laterale fra veicoli in marcia;Incrocio;Una carreggiata a doppio senso;Asciutto;Asfaltata;Verticale ed orizzontale;Sereno;Normale;Buona;Sufficiente;0;0;0;3;12.54229;41.88033;-1;1;Autovettura privata;In marcia / fermata / arresto;Conducente;F;Illeso;0;;;
2598547;6;27/11/2015 18:30;Strada Urbana;PIAZZA DELLA MARRANELLA;all'intersezione semaforizzata con;VIA CASILINA;VIA CASILINA;;;Scontro laterale fra veicoli in marcia;Incrocio;Una carreggiata a doppio senso;Asciutto;Asfaltata;Verticale ed orizzontale;Sereno;Normale;Buona;Sufficiente;0;0;0;3;12.54229;41.88033;-1;1;Autovettura privata;In marcia / fermata / arresto;Passeggero;M;Illeso;0;;;
2598547;6;27/11/2015 18:30;Strada Urbana;PIAZZA DELLA MARRANELLA;all'intersezione semaforizzata con;VIA CASILINA;VIA CASILINA;;;Scontro laterale fra veicoli in marcia;Incrocio;Una carreggiata a doppio senso;Asciutto;Asfaltata;Verticale ed orizzontale;Sereno;Normale;Buona;Sufficiente;0;0;0;3;12.54229;41.88033;-1;2;Autocarro superiore 35 q.;In marcia / fermata / arresto;Conducente;M;Illeso;0;;;
2598588;8;27/11/2015 08:10;Strada Urbana;VIA DI TOR BELLA MONACA;in prossimità;;del palo luce n.;35;;Veicolo in marcia contro ostacolo accidentale;Rettilineo;Due carreggiate;Asciutto;Asfaltata;Verticale ed orizzontale;Sereno;Normale;Sufficiente;Ore Diurne;0;0;0;2;12.62546;41.87778;-1;1;Autovettura privata;In marcia / fermata / arresto;Conducente;F;Illeso;0;;;Inesploso
2598588;8;27/11/2015 08:10;Strada Urbana;VIA DI TOR BELLA MONACA;in prossimità;;del palo luce n.;35;;Veicolo in marcia contro ostacolo accidentale;Rettilineo;Due carreggiate;Asciutto;Asfaltata;Verticale ed orizzontale;Sereno;Normale;Sufficiente;Ore Diurne;0;0;0;2;12.62546;41.87778;-1;1;Autovettura privata;In marcia / fermata / arresto;Passeggero;F;Illeso;0;;Non accertato;Inesistente
2598590;8;27/11/2015 08:25;Strada Urbana;VIALE DI TORRE MAURA;in prossimità;;del civico n.;90;;Scontro frontale/laterale DX fra veicoli in marcia;Rettilineo;Due carreggiate;Asciutto;Asfaltata;Verticale ed orizzontale;Sereno;Intenso;Buona;Ore Diurne;0;0;0;3;12.59096;41.86466;-1;1;Autovettura privata;In marcia / fermata / arresto;Conducente;F;Illeso;0;;Non accertato;Inesploso
2598590;8;27/11/2015 08:25;Strada Urbana;VIALE DI TORRE MAURA;in prossimità;;del civico n.;90;;Scontro frontale/laterale DX fra veicoli in marcia;Rettilineo;Due carreggiate;Asciutto;Asfaltata;Verticale ed orizzontale;Sereno;Intenso;Buona;Ore Diurne;0;0;0;3;12.59096;41.86466;-1;1;Autovettura privata;In marcia / fermata / arresto;Passeggero;F;Illeso;0;;Non accertato;Inesploso
2598590;8;27/11/2015 08:25;Strada Urbana;VIALE DI TORRE MAURA;in prossimità;;del civico n.;90;;Scontro frontale/laterale DX fra veicoli in marcia;Rettilineo;Due carreggiate;Asciutto;Asfaltata;Verticale ed orizzontale;Sereno;Intenso;Buona;Ore Diurne;0;0;0;3;12.59096;41.86466;-1;2;Autovettura privata;In marcia / fermata / arresto;Conducente;M;Illeso;0;;Non accertato;Inesploso
2598592;8;27/11/2015 12:15;Strada Urbana;VIA DI TORRENOVA;all'intersezione con;VIA TESEO;VIA TESEO;;;Scontro frontale/laterale SX fra veicoli in marcia;Incrocio;Una carreggiata a doppio senso;Asciutto;Asfaltata;Verticale ed orizzontale;Nuvoloso;Normale;Sufficiente;Ore Diurne;2;0;0;1;12.6185;41.8775;-1;1;Autovettura privata;In marcia / fermata / arresto;Conducente;F;Rimandato;0;NON DECEDUTO;Non accertato;Inesploso
2598592;8;27/11/2015 12:15;Strada Urbana;VIA DI TORRENOVA;all'intersezione con;VIA TESEO;VIA TESEO;;;Scontro frontale/laterale SX fra veicoli in marcia;Incrocio;Una carreggiata a doppio senso;Asciutto;Asfaltata;Verticale ed orizzontale;Nuvoloso;Normale;Sufficiente;Ore Diurne;2;0;0;1;12.6185;41.8775;-1;2;Veicolo speciale;In marcia / fermata / arresto;Conducente;M;Illeso;0;;Non accertato;Inesploso
2598592;8;27/11/2015 12:15;Strada Urbana;VIA DI TORRENOVA;all'intersezione con;VIA TESEO;VIA TESEO;;;Scontro frontale/laterale SX fra veicoli in marcia;Incrocio;Una carreggiata a doppio senso;Asciutto;Asfaltata;Verticale ed orizzontale;Nuvoloso;Normale;Sufficiente;Ore Diurne;2;0;0;1;12.6185;41.8775;-1;2;Veicolo speciale;In marcia / fermata / arresto;Passeggero;F;Rimandato;0;NON DECEDUTO;Non accertato;Inesploso
2598593;8;27/11/2015 14:00;Strada Urbana;VIA AMICO ASPERTINI;in corrispondenza;;del civico n.;305;;Infortunio per caduta del veicolo;Curva a visuale libera;Una carreggiata a doppio senso;Asciutto;Asfaltata;Orizzontale;Nuvoloso;Normale;Buona;Ore Diurne;1;0;0;0;12.62993;41.87287;-1;1;Motociclo a solo;In marcia / fermata / arresto;Conducente;M;Ricoverato;0;NON DECEDUTO;Non accertato;
2598596;8;27/11/2015 15:20;Strada Urbana;VIA DI TOR BELLA MONACA;da specificare;;;;altezza svincolo via di TORRENOVA direzione GRA;Veicolo in marcia contro ostacolo accidentale;Rettilineo;Due carreggiate;Asciutto;Asfaltata;Verticale ed orizzontale;Nuvoloso;Normale;Buona;Ore Diurne;0;0;0;1;12.61928;41.88276;-1;1;Autovettura privata;In marcia / fermata / arresto;Conducente;M;Illeso;0;;Non accertato;Inesploso
2598600;8;27/11/2015 16:00;Strada Urbana;VIA DI TOR BELLA MONACA;da specificare;;;;altezza svincolo via TORRENOVA direzione GRA;Veicolo in marcia contro ostacolo accidentale;Rettilineo;Due carreggiate;Asciutto;Asfaltata;Verticale ed orizzontale;Nuvoloso;Normale;Buona;Ore Diurne;0;0;0;1;12.61945;41.88187;-1;1;Autovettura privata;In marcia / fermata / arresto;Conducente;M;Illeso;0;;Non accertato;Inesploso
2598604;8;27/11/2015 16:00;Strada Urbana;VIA AMICO ASPERTINI;all'intersezione con;VIA FERNANDO CONTI;VIA FERNANDO CONTI;;;Scontro frontale/laterale SX fra veicoli in marcia;Incrocio;Una carreggiata a doppio senso;Asciutto;Asfaltata;Verticale ed orizzontale;Nuvoloso;Normale;Buona;Ore Diurne;0;0;0;2;12.63246;41.86814;-1;1;Autovettura privata;In marcia / fermata / arresto;Conducente;M;Illeso;0;;Non accertato;Inesploso